deployment_label,runtime_model,task_id,repeat,route,source_run_id,source_result_json,prompt_file,prompt_sha256,raw_response_file,raw_response_sha256,raw_response_bytes,score,passed,failure_modes,verification_status
deepseek-r1:70b,deepseek-r1:70b,mg_basic_001,1,ollama_http_generate_stream_false,httpclean_canonical_remaining20_r01_20260730T141006Z,runs/httpclean_canonical_remaining20_r01_20260730T141006Z/results/deepseek-r1_70b/mg_basic_001/repeat_001.json,mg_basic_001/prompt.txt,61241a6f6e2c22439a8f05b285b90000148a40469202ebc9cebf877bc3971735,mg_basic_001/responses/deepseek-r1_70b.txt,c63e16e0c715afa3c8fc4bbbdeb4fcd900a6576273cb7516ff8a158ac8bfe6b4,206,0.45,False,includes_markdown_fence;missing_or_wrong_process,FOUND_AND_VERIFIED
deepseek-r1:70b,deepseek-r1:70b,mg_basic_002,1,ollama_http_generate_stream_false,httpclean_canonical_remaining20_r01_20260730T141006Z,runs/httpclean_canonical_remaining20_r01_20260730T141006Z/results/deepseek-r1_70b/mg_basic_002/repeat_001.json,mg_basic_002/prompt.txt,add87e8340ee5218da96ee5a55a699c2a58f9ad92529ec8214737092beb904a0,mg_basic_002/responses/deepseek-r1_70b.txt,eb21534f9a1e356e4a41be2de75df06f304160c684647ec4ad30ec5d6731fe1b,345,0.275,False,includes_markdown_fence;missing_or_wrong_output;missing_or_wrong_process;wrong_or_missing_beam_energy;wrong_proton_definition,FOUND_AND_VERIFIED
deepseek-r1:70b,deepseek-r1:70b,mg_basic_003,1,ollama_http_generate_stream_false,httpclean_canonical_remaining20_r01_20260730T141006Z,runs/httpclean_canonical_remaining20_r01_20260730T141006Z/results/deepseek-r1_70b/mg_basic_003/repeat_001.json,mg_basic_003/prompt.txt,10b6fa4dddf836d899846b6df7403a25244e91acd9aa1854e15647c43e522e88,mg_basic_003/responses/deepseek-r1_70b.txt,b2e8f1c78f15cd393efc66e7818b419293ed8954ecf0f8dfb400fd29371df8ea,209,0.355,False,includes_markdown_fence;missing_or_wrong_process;uses_process_keyword;wrong_or_missing_beam_energy,FOUND_AND_VERIFIED
deepseek-r1:70b,deepseek-r1:70b,mg_debug_001,1,ollama_http_generate_stream_false,httpclean_canonical_remaining20_r01_20260730T141006Z,runs/httpclean_canonical_remaining20_r01_20260730T141006Z/results/deepseek-r1_70b/mg_debug_001/repeat_001.json,mg_debug_001/prompt.txt,dc723c16ff26d05e5dde29a010390575912ee57391171a696ed192124caf3170,mg_debug_001/responses/deepseek-r1_70b.txt,686c01224deed197934154bc90ebeca7529ceb10bb4493ceb6c1cb0983c84492,287,0.325,False,includes_markdown_fence;missing_generate_keyword;missing_or_wrong_process;uses_invalid_beam1_beam2_commands;wrong_or_missing_beam_energy,FOUND_AND_VERIFIED
deepseek-r1:70b,deepseek-r1:70b,mg_debug_002,1,ollama_http_generate_stream_false,httpclean_canonical_remaining20_r01_20260730T141006Z,runs/httpclean_canonical_remaining20_r01_20260730T141006Z/results/deepseek-r1_70b/mg_debug_002/repeat_001.json,mg_debug_002/prompt.txt,2c406712699e8748c1cdd042abba8750d066185da2ef8738407052a7359c0693,mg_debug_002/responses/deepseek-r1_70b.txt,2bfa7a12cc016ebfcdacedccc254ac0ab29cb9715b200dfe5b3727886f255edb,203,0.425,False,includes_markdown_fence;missing_generate_keyword;missing_or_wrong_process;uses_invalid_beam1_beam2_commands;wrong_or_missing_beam_energy,FOUND_AND_VERIFIED
deepseek-r1:70b,deepseek-r1:70b,mg_debug_003,1,ollama_http_generate_stream_false,httpclean_canonical_remaining20_r01_20260730T141006Z,runs/httpclean_canonical_remaining20_r01_20260730T141006Z/results/deepseek-r1_70b/mg_debug_003/repeat_001.json,mg_debug_003/prompt.txt,13576549308b889cb70018c19791ac7ee144c71472f98f91b891f2c1b3c9ef2f,mg_debug_003/responses/deepseek-r1_70b.txt,46cb65d73e737926567e8386f2878a4febc53dcba470d89364f70cc77b763f54,153,0.45,False,includes_markdown_fence;uses_invalid_beam1_beam2_commands;wrong_or_missing_beam_energy,FOUND_AND_VERIFIED
deepseek-r1:70b,deepseek-r1:70b,mg_runcard_004,1,ollama_http_generate_stream_false,httpclean_canonical_remaining20_r01_20260730T141006Z,runs/httpclean_canonical_remaining20_r01_20260730T141006Z/results/deepseek-r1_70b/mg_runcard_004/repeat_001.json,mg_runcard_004/prompt.txt,642ea01b7ffcd954be3050f66c75c70347c3dc35239cd52b41e089eaff8aa8bf,mg_runcard_004/responses/deepseek-r1_70b.txt,9c3df5484cc31420aedcfdc4ea8ff50dc596bf9711d32cda495a8589fadd9b88,88,0.09,False,includes_markdown_fence;no_parseable_run_card_assignments;wrong_or_missing_ebeam1;wrong_or_missing_ebeam2;wrong_or_missing_etal;wrong_or_missing_iseed;wrong_or_missing_nevents;wrong_or_missing_ptl,FOUND_AND_VERIFIED
deepseek-r1:70b,deepseek-r1:70b,mg_workflow_005,1,ollama_http_generate_stream_false,httpclean_canonical_remaining20_r01_20260730T141006Z,runs/httpclean_canonical_remaining20_r01_20260730T141006Z/results/deepseek-r1_70b/mg_workflow_005/repeat_001.json,mg_workflow_005/prompt.txt,9f53758489faf9c016e821d6b5547174c4b59b2793dce4bb16eefcac26a37d74,mg_workflow_005/responses/deepseek-r1_70b.txt,d8eb1471da80df298d442e6a8078e4acc34b0ec6b5d5b826f7f2431cbd9917ff,225,0.08,False,includes_markdown_fence;missing_done;missing_generate_keyword;missing_import_model;missing_launch;missing_or_wrong_output;missing_or_wrong_process;wrong_or_missing_analysis;wrong_or_missing_detector;wrong_or_missing_ebeam1;wrong_or_missing_ebeam2;wrong_or_missing_iseed;wrong_or_missing_madspin;wrong_or_missing_nevents;wrong_or_missing_shower,FOUND_AND_VERIFIED
devstral:24b,devstral:24b,mg_basic_001,1,ollama_http_generate_stream_false,httpclean_canonical_remaining20_r01_20260730T141006Z,runs/httpclean_canonical_remaining20_r01_20260730T141006Z/results/devstral_24b/mg_basic_001/repeat_001.json,mg_basic_001/prompt.txt,61241a6f6e2c22439a8f05b285b90000148a40469202ebc9cebf877bc3971735,mg_basic_001/responses/devstral_24b.txt,d2979b2229b37a23323472ee8ab983fd7fed63c23a5a8e90395a58a4b0ad911a,114,0.425,False,includes_markdown_fence;missing_or_wrong_process;wrong_or_missing_beam_energy,FOUND_AND_VERIFIED
devstral:24b,devstral:24b,mg_basic_002,1,ollama_http_generate_stream_false,httpclean_canonical_remaining20_r01_20260730T141006Z,runs/httpclean_canonical_remaining20_r01_20260730T141006Z/results/devstral_24b/mg_basic_002/repeat_001.json,mg_basic_002/prompt.txt,add87e8340ee5218da96ee5a55a699c2a58f9ad92529ec8214737092beb904a0,mg_basic_002/responses/devstral_24b.txt,bdd3d34e569fe48991cd8bb9a11016c9c2860d0606a8d7839b7059cdc8853cfd,129,0.45,False,includes_markdown_fence;missing_or_wrong_output;wrong_or_missing_beam_energy,FOUND_AND_VERIFIED
devstral:24b,devstral:24b,mg_basic_003,1,ollama_http_generate_stream_false,httpclean_canonical_remaining20_r01_20260730T141006Z,runs/httpclean_canonical_remaining20_r01_20260730T141006Z/results/devstral_24b/mg_basic_003/repeat_001.json,mg_basic_003/prompt.txt,10b6fa4dddf836d899846b6df7403a25244e91acd9aa1854e15647c43e522e88,mg_basic_003/responses/devstral_24b.txt,1f0d8b9443102f0af7c6bd027a876008c4d32cd0ac86b64ec2e384406178026c,142,0.6,False,wrong_or_missing_beam_energy,FOUND_AND_VERIFIED
devstral:24b,devstral:24b,mg_debug_001,1,ollama_http_generate_stream_false,httpclean_canonical_remaining20_r01_20260730T141006Z,runs/httpclean_canonical_remaining20_r01_20260730T141006Z/results/devstral_24b/mg_debug_001/repeat_001.json,mg_debug_001/prompt.txt,dc723c16ff26d05e5dde29a010390575912ee57391171a696ed192124caf3170,mg_debug_001/responses/devstral_24b.txt,5beacb08cbd19af93004eac1342c5d08f78868d0defc7dee00331bf888413588,240,0.45,False,includes_markdown_fence;wrong_or_missing_beam_energy,FOUND_AND_VERIFIED
devstral:24b,devstral:24b,mg_debug_002,1,ollama_http_generate_stream_false,httpclean_canonical_remaining20_r01_20260730T141006Z,runs/httpclean_canonical_remaining20_r01_20260730T141006Z/results/devstral_24b/mg_debug_002/repeat_001.json,mg_debug_002/prompt.txt,2c406712699e8748c1cdd042abba8750d066185da2ef8738407052a7359c0693,mg_debug_002/responses/devstral_24b.txt,556b9add866bf1744b55b175dcc60f307a18fb95e80c447c109e97bb7aeb0c57,150,0.6,False,wrong_or_missing_beam_energy;wrong_proton_definition,FOUND_AND_VERIFIED
devstral:24b,devstral:24b,mg_debug_003,1,ollama_http_generate_stream_false,httpclean_canonical_remaining20_r01_20260730T141006Z,runs/httpclean_canonical_remaining20_r01_20260730T141006Z/results/devstral_24b/mg_debug_003/repeat_001.json,mg_debug_003/prompt.txt,13576549308b889cb70018c19791ac7ee144c71472f98f91b891f2c1b3c9ef2f,mg_debug_003/responses/devstral_24b.txt,4939ad8468dcb9a8ee85bfce5249b403231fe58f1482b60c00387ce69936beab,163,0.45,False,includes_markdown_fence;uses_invalid_beam1_beam2_commands;wrong_jet_definition;wrong_or_missing_beam_energy;wrong_proton_definition,FOUND_AND_VERIFIED
devstral:24b,devstral:24b,mg_runcard_004,1,ollama_http_generate_stream_false,httpclean_canonical_remaining20_r01_20260730T141006Z,runs/httpclean_canonical_remaining20_r01_20260730T141006Z/results/devstral_24b/mg_runcard_004/repeat_001.json,mg_runcard_004/prompt.txt,642ea01b7ffcd954be3050f66c75c70347c3dc35239cd52b41e089eaff8aa8bf,mg_runcard_004/responses/devstral_24b.txt,73a4c9ff8178af1eb6f1e2f9a1ca73f4be335b590af26d78ad162c517ca9ed1f,91,0.09,False,includes_markdown_fence;no_parseable_run_card_assignments;wrong_or_missing_ebeam1;wrong_or_missing_ebeam2;wrong_or_missing_etal;wrong_or_missing_iseed;wrong_or_missing_nevents;wrong_or_missing_ptl,FOUND_AND_VERIFIED
devstral:24b,devstral:24b,mg_workflow_005,1,ollama_http_generate_stream_false,httpclean_canonical_remaining20_r01_20260730T141006Z,runs/httpclean_canonical_remaining20_r01_20260730T141006Z/results/devstral_24b/mg_workflow_005/repeat_001.json,mg_workflow_005/prompt.txt,9f53758489faf9c016e821d6b5547174c4b59b2793dce4bb16eefcac26a37d74,mg_workflow_005/responses/devstral_24b.txt,39da1cf587488116fc83534adec9930b038c46bfe18114fa50fdf918b95505c2,137,0.15,False,missing_done;missing_launch;missing_or_wrong_process;wrong_or_missing_analysis;wrong_or_missing_detector;wrong_or_missing_ebeam1;wrong_or_missing_ebeam2;wrong_or_missing_iseed;wrong_or_missing_madspin;wrong_or_missing_nevents;wrong_or_missing_proton_definition;wrong_or_missing_shower,FOUND_AND_VERIFIED
falcon3:10b,falcon3:10b,mg_basic_001,1,ollama_http_generate_stream_false,httpclean_canonical_remaining20_r01_20260730T141006Z,runs/httpclean_canonical_remaining20_r01_20260730T141006Z/results/falcon3_10b/mg_basic_001/repeat_001.json,mg_basic_001/prompt.txt,61241a6f6e2c22439a8f05b285b90000148a40469202ebc9cebf877bc3971735,mg_basic_001/responses/falcon3_10b.txt,f66996fbf81978a48c3b287178066312e57611f3737cbc76cceab8d15fad7e5f,122,0.425,False,includes_markdown_fence;missing_or_wrong_process;wrong_or_missing_beam_energy,FOUND_AND_VERIFIED
falcon3:10b,falcon3:10b,mg_basic_002,1,ollama_http_generate_stream_false,httpclean_canonical_remaining20_r01_20260730T141006Z,runs/httpclean_canonical_remaining20_r01_20260730T141006Z/results/falcon3_10b/mg_basic_002/repeat_001.json,mg_basic_002/prompt.txt,add87e8340ee5218da96ee5a55a699c2a58f9ad92529ec8214737092beb904a0,mg_basic_002/responses/falcon3_10b.txt,6a58f453121adaa51b67e04db2f7ea6c9a8d904c6492aa5516ead7e3b8840e06,39,0.075,False,includes_markdown_fence;missing_or_wrong_output;missing_or_wrong_process;uses_process_keyword;wrong_or_missing_beam_energy,FOUND_AND_VERIFIED
falcon3:10b,falcon3:10b,mg_basic_003,1,ollama_http_generate_stream_false,httpclean_canonical_remaining20_r01_20260730T141006Z,runs/httpclean_canonical_remaining20_r01_20260730T141006Z/results/falcon3_10b/mg_basic_003/repeat_001.json,mg_basic_003/prompt.txt,10b6fa4dddf836d899846b6df7403a25244e91acd9aa1854e15647c43e522e88,mg_basic_003/responses/falcon3_10b.txt,f437d74696031eadb1022c7eb62edb9aa784e75db30f1393d175a04f646bbbd0,151,0.075,False,includes_markdown_fence;missing_or_wrong_output;missing_or_wrong_process;uses_process_keyword;wrong_or_missing_beam_energy,FOUND_AND_VERIFIED
falcon3:10b,falcon3:10b,mg_debug_001,1,ollama_http_generate_stream_false,httpclean_canonical_remaining20_r01_20260730T141006Z,runs/httpclean_canonical_remaining20_r01_20260730T141006Z/results/falcon3_10b/mg_debug_001/repeat_001.json,mg_debug_001/prompt.txt,dc723c16ff26d05e5dde29a010390575912ee57391171a696ed192124caf3170,mg_debug_001/responses/falcon3_10b.txt,32fe5589df0275fc569420b89ae720c8dcaaad922b58b115d43ec2b0ff5d9d8b,146,0.425,False,includes_markdown_fence;missing_generate_keyword;missing_or_wrong_process;uses_invalid_beam1_beam2_commands;wrong_or_missing_beam_energy,FOUND_AND_VERIFIED
falcon3:10b,falcon3:10b,mg_debug_002,1,ollama_http_generate_stream_false,httpclean_canonical_remaining20_r01_20260730T141006Z,runs/httpclean_canonical_remaining20_r01_20260730T141006Z/results/falcon3_10b/mg_debug_002/repeat_001.json,mg_debug_002/prompt.txt,2c406712699e8748c1cdd042abba8750d066185da2ef8738407052a7359c0693,mg_debug_002/responses/falcon3_10b.txt,29845290d1565e524a9c0aa8f2e030daaf11691581a5820f394de0c64990e1f5,119,0.35,False,includes_markdown_fence;missing_generate_keyword;missing_or_wrong_output;missing_or_wrong_process;uses_invalid_beam1_beam2_commands;wrong_or_missing_beam_energy,FOUND_AND_VERIFIED
falcon3:10b,falcon3:10b,mg_debug_003,1,ollama_http_generate_stream_false,httpclean_canonical_remaining20_r01_20260730T141006Z,runs/httpclean_canonical_remaining20_r01_20260730T141006Z/results/falcon3_10b/mg_debug_003/repeat_001.json,mg_debug_003/prompt.txt,13576549308b889cb70018c19791ac7ee144c71472f98f91b891f2c1b3c9ef2f,mg_debug_003/responses/falcon3_10b.txt,46cb65d73e737926567e8386f2878a4febc53dcba470d89364f70cc77b763f54,153,0.45,False,includes_markdown_fence;uses_invalid_beam1_beam2_commands;wrong_or_missing_beam_energy,FOUND_AND_VERIFIED
falcon3:10b,falcon3:10b,mg_runcard_004,1,ollama_http_generate_stream_false,httpclean_canonical_remaining20_r01_20260730T141006Z,runs/httpclean_canonical_remaining20_r01_20260730T141006Z/results/falcon3_10b/mg_runcard_004/repeat_001.json,mg_runcard_004/prompt.txt,642ea01b7ffcd954be3050f66c75c70347c3dc35239cd52b41e089eaff8aa8bf,mg_runcard_004/responses/falcon3_10b.txt,e45f824d80b220aa864c61738379aa5661e6c45df6fdefcf0cb194f20a90cac3,124,0.09,False,includes_markdown_fence;no_parseable_run_card_assignments;wrong_or_missing_ebeam1;wrong_or_missing_ebeam2;wrong_or_missing_etal;wrong_or_missing_iseed;wrong_or_missing_nevents;wrong_or_missing_ptl,FOUND_AND_VERIFIED
falcon3:10b,falcon3:10b,mg_workflow_005,1,ollama_http_generate_stream_false,httpclean_canonical_remaining20_r01_20260730T141006Z,runs/httpclean_canonical_remaining20_r01_20260730T141006Z/results/falcon3_10b/mg_workflow_005/repeat_001.json,mg_workflow_005/prompt.txt,9f53758489faf9c016e821d6b5547174c4b59b2793dce4bb16eefcac26a37d74,mg_workflow_005/responses/falcon3_10b.txt,57658c427e987f86913d7d6596a20532ca0d007aaf968f6bb6912ef62ef89451,163,0.08,False,includes_markdown_fence;missing_done;missing_import_model;missing_launch;missing_or_wrong_process;wrong_or_missing_analysis;wrong_or_missing_detector;wrong_or_missing_ebeam1;wrong_or_missing_ebeam2;wrong_or_missing_iseed;wrong_or_missing_madspin;wrong_or_missing_nevents;wrong_or_missing_proton_definition;wrong_or_missing_shower,FOUND_AND_VERIFIED
gemma3:12b,gemma3:12b,mg_basic_001,1,ollama_http_generate_stream_false,httpclean_canonical_remaining20_r01_20260730T141006Z,runs/httpclean_canonical_remaining20_r01_20260730T141006Z/results/gemma3_12b/mg_basic_001/repeat_001.json,mg_basic_001/prompt.txt,61241a6f6e2c22439a8f05b285b90000148a40469202ebc9cebf877bc3971735,mg_basic_001/responses/gemma3_12b.txt,58367b82f0c57fd7dffb530503aee1c2acccd95e461dac8509c87ded47727f71,211,0.45,False,includes_markdown_fence;wrong_or_missing_beam_energy,FOUND_AND_VERIFIED
gemma3:12b,gemma3:12b,mg_basic_002,1,ollama_http_generate_stream_false,httpclean_canonical_remaining20_r01_20260730T141006Z,runs/httpclean_canonical_remaining20_r01_20260730T141006Z/results/gemma3_12b/mg_basic_002/repeat_001.json,mg_basic_002/prompt.txt,add87e8340ee5218da96ee5a55a699c2a58f9ad92529ec8214737092beb904a0,mg_basic_002/responses/gemma3_12b.txt,84918c9084ea753147de86a119b760945b053ca839c968d7f8f127e462cb42f7,247,0.075,False,includes_markdown_fence;missing_generate_keyword;missing_or_wrong_output;missing_or_wrong_process;wrong_or_missing_beam_energy,FOUND_AND_VERIFIED
gemma3:12b,gemma3:12b,mg_basic_003,1,ollama_http_generate_stream_false,httpclean_canonical_remaining20_r01_20260730T141006Z,runs/httpclean_canonical_remaining20_r01_20260730T141006Z/results/gemma3_12b/mg_basic_003/repeat_001.json,mg_basic_003/prompt.txt,10b6fa4dddf836d899846b6df7403a25244e91acd9aa1854e15647c43e522e88,mg_basic_003/responses/gemma3_12b.txt,026a2d18df712aee4ee1a4f4e57e1f1937b5ab279cfad31276a6ecb60e4499dc,223,0.45,False,includes_explanation_not_file_only;includes_markdown_fence;missing_or_wrong_output;wrong_or_missing_beam_energy,FOUND_AND_VERIFIED
gemma3:12b,gemma3:12b,mg_debug_001,1,ollama_http_generate_stream_false,httpclean_canonical_remaining20_r01_20260730T141006Z,runs/httpclean_canonical_remaining20_r01_20260730T141006Z/results/gemma3_12b/mg_debug_001/repeat_001.json,mg_debug_001/prompt.txt,dc723c16ff26d05e5dde29a010390575912ee57391171a696ed192124caf3170,mg_debug_001/responses/gemma3_12b.txt,7da0a6a45dd1096e5c07d11306d83b05c4fa44889029bd3a475bbb6d1fde02e6,135,0.425,False,includes_markdown_fence;missing_or_wrong_process;uses_invalid_beam1_beam2_commands;wrong_or_missing_beam_energy,FOUND_AND_VERIFIED
gemma3:12b,gemma3:12b,mg_debug_002,1,ollama_http_generate_stream_false,httpclean_canonical_remaining20_r01_20260730T141006Z,runs/httpclean_canonical_remaining20_r01_20260730T141006Z/results/gemma3_12b/mg_debug_002/repeat_001.json,mg_debug_002/prompt.txt,2c406712699e8748c1cdd042abba8750d066185da2ef8738407052a7359c0693,mg_debug_002/responses/gemma3_12b.txt,1fcc0dfb560f242d9d31102cea5375567d41f1414a71abbcbc6b847d34f3a4dc,153,0.45,False,includes_markdown_fence;uses_invalid_beam1_beam2_commands;wrong_or_missing_beam_energy,FOUND_AND_VERIFIED
gemma3:12b,gemma3:12b,mg_debug_003,1,ollama_http_generate_stream_false,httpclean_canonical_remaining20_r01_20260730T141006Z,runs/httpclean_canonical_remaining20_r01_20260730T141006Z/results/gemma3_12b/mg_debug_003/repeat_001.json,mg_debug_003/prompt.txt,13576549308b889cb70018c19791ac7ee144c71472f98f91b891f2c1b3c9ef2f,mg_debug_003/responses/gemma3_12b.txt,d092a11c27bc5a247f8283b64b953190d69e6468308ad6b54d593830e41565d9,160,0.45,False,includes_markdown_fence;missing_or_wrong_output;uses_invalid_beam1_beam2_commands;wrong_or_missing_beam_energy,FOUND_AND_VERIFIED
gemma3:12b,gemma3:12b,mg_runcard_004,1,ollama_http_generate_stream_false,httpclean_canonical_remaining20_r01_20260730T141006Z,runs/httpclean_canonical_remaining20_r01_20260730T141006Z/results/gemma3_12b/mg_runcard_004/repeat_001.json,mg_runcard_004/prompt.txt,642ea01b7ffcd954be3050f66c75c70347c3dc35239cd52b41e089eaff8aa8bf,mg_runcard_004/responses/gemma3_12b.txt,669aeb2956b50c6fe34f783941b67ed84b5b78b5589ea8f8b0352b389ec63483,143,0.09,False,includes_markdown_fence;no_parseable_run_card_assignments;wrong_or_missing_ebeam1;wrong_or_missing_ebeam2;wrong_or_missing_etal;wrong_or_missing_iseed;wrong_or_missing_nevents;wrong_or_missing_ptl,FOUND_AND_VERIFIED
gemma3:12b,gemma3:12b,mg_workflow_005,1,ollama_http_generate_stream_false,httpclean_canonical_remaining20_r01_20260730T141006Z,runs/httpclean_canonical_remaining20_r01_20260730T141006Z/results/gemma3_12b/mg_workflow_005/repeat_001.json,mg_workflow_005/prompt.txt,9f53758489faf9c016e821d6b5547174c4b59b2793dce4bb16eefcac26a37d74,mg_workflow_005/responses/gemma3_12b.txt,5e4d030370bdce6628722089635c16a0c4fc54bf0b9cd88d28c50e11f7d5a754,588,0.02,False,includes_markdown_fence;missing_done;missing_import_model;missing_launch;missing_or_wrong_output;missing_or_wrong_process;wrong_or_missing_analysis;wrong_or_missing_detector;wrong_or_missing_ebeam1;wrong_or_missing_ebeam2;wrong_or_missing_iseed;wrong_or_missing_madspin;wrong_or_missing_nevents;wrong_or_missing_proton_definition;wrong_or_missing_shower,FOUND_AND_VERIFIED
gemma3:270m,gemma3:270m,mg_basic_001,1,ollama_http_generate_stream_false,httpclean_canonical_remaining20_r01_20260730T141006Z,runs/httpclean_canonical_remaining20_r01_20260730T141006Z/results/gemma3_270m/mg_basic_001/repeat_001.json,mg_basic_001/prompt.txt,61241a6f6e2c22439a8f05b285b90000148a40469202ebc9cebf877bc3971735,mg_basic_001/responses/gemma3_270m.txt,40b8347905676c2a0cc5611ed71e2c54a0dcabf2c845ffdb289b663aebacec08,20,0.1,False,includes_markdown_fence;missing_generate_keyword;missing_or_wrong_process;wrong_or_missing_beam_energy,FOUND_AND_VERIFIED
gemma3:270m,gemma3:270m,mg_basic_002,1,ollama_http_generate_stream_false,httpclean_canonical_remaining20_r01_20260730T141006Z,runs/httpclean_canonical_remaining20_r01_20260730T141006Z/results/gemma3_270m/mg_basic_002/repeat_001.json,mg_basic_002/prompt.txt,add87e8340ee5218da96ee5a55a699c2a58f9ad92529ec8214737092beb904a0,mg_basic_002/responses/gemma3_270m.txt,81e678a88aedac6218a14117ce9fad80a26698ad0e6b0f4cee48f64d5f3fe500,22,0.075,False,includes_markdown_fence;missing_or_wrong_output;missing_or_wrong_process;wrong_or_missing_beam_energy,FOUND_AND_VERIFIED
gemma3:270m,gemma3:270m,mg_basic_003,1,ollama_http_generate_stream_false,httpclean_canonical_remaining20_r01_20260730T141006Z,runs/httpclean_canonical_remaining20_r01_20260730T141006Z/results/gemma3_270m/mg_basic_003/repeat_001.json,mg_basic_003/prompt.txt,10b6fa4dddf836d899846b6df7403a25244e91acd9aa1854e15647c43e522e88,mg_basic_003/responses/gemma3_270m.txt,468518b3ceabde66bd97109f03a69ab30d355d947f8833181d2699a8bfebcae1,94,0.075,False,includes_markdown_fence;missing_or_wrong_output;missing_or_wrong_process;wrong_or_missing_beam_energy,FOUND_AND_VERIFIED
gemma3:270m,gemma3:270m,mg_debug_001,1,ollama_http_generate_stream_false,httpclean_canonical_remaining20_r01_20260730T141006Z,runs/httpclean_canonical_remaining20_r01_20260730T141006Z/results/gemma3_270m/mg_debug_001/repeat_001.json,mg_debug_001/prompt.txt,dc723c16ff26d05e5dde29a010390575912ee57391171a696ed192124caf3170,mg_debug_001/responses/gemma3_270m.txt,81e678a88aedac6218a14117ce9fad80a26698ad0e6b0f4cee48f64d5f3fe500,22,0.1,False,includes_markdown_fence;missing_or_wrong_process;wrong_or_missing_beam_energy,FOUND_AND_VERIFIED
gemma3:270m,gemma3:270m,mg_debug_002,1,ollama_http_generate_stream_false,httpclean_canonical_remaining20_r01_20260730T141006Z,runs/httpclean_canonical_remaining20_r01_20260730T141006Z/results/gemma3_270m/mg_debug_002/repeat_001.json,mg_debug_002/prompt.txt,2c406712699e8748c1cdd042abba8750d066185da2ef8738407052a7359c0693,mg_debug_002/responses/gemma3_270m.txt,81e678a88aedac6218a14117ce9fad80a26698ad0e6b0f4cee48f64d5f3fe500,22,0.075,False,includes_markdown_fence;missing_or_wrong_output;missing_or_wrong_process;wrong_or_missing_beam_energy,FOUND_AND_VERIFIED
gemma3:270m,gemma3:270m,mg_debug_003,1,ollama_http_generate_stream_false,httpclean_canonical_remaining20_r01_20260730T141006Z,runs/httpclean_canonical_remaining20_r01_20260730T141006Z/results/gemma3_270m/mg_debug_003/repeat_001.json,mg_debug_003/prompt.txt,13576549308b889cb70018c19791ac7ee144c71472f98f91b891f2c1b3c9ef2f,mg_debug_003/responses/gemma3_270m.txt,81e678a88aedac6218a14117ce9fad80a26698ad0e6b0f4cee48f64d5f3fe500,22,0.075,False,includes_markdown_fence;missing_or_wrong_output;missing_or_wrong_process;wrong_or_missing_beam_energy,FOUND_AND_VERIFIED
gemma3:270m,gemma3:270m,mg_runcard_004,1,ollama_http_generate_stream_false,httpclean_canonical_remaining20_r01_20260730T141006Z,runs/httpclean_canonical_remaining20_r01_20260730T141006Z/results/gemma3_270m/mg_runcard_004/repeat_001.json,mg_runcard_004/prompt.txt,642ea01b7ffcd954be3050f66c75c70347c3dc35239cd52b41e089eaff8aa8bf,mg_runcard_004/responses/gemma3_270m.txt,4f4d46038fabf387562b4e9a4ae6514d25e34955d87ada1d4fd7a08c63e07e24,26,0.09,False,includes_markdown_fence;no_parseable_run_card_assignments;wrong_or_missing_ebeam1;wrong_or_missing_ebeam2;wrong_or_missing_etal;wrong_or_missing_iseed;wrong_or_missing_nevents;wrong_or_missing_ptl,FOUND_AND_VERIFIED
gemma3:270m,gemma3:270m,mg_workflow_005,1,ollama_http_generate_stream_false,httpclean_canonical_remaining20_r01_20260730T141006Z,runs/httpclean_canonical_remaining20_r01_20260730T141006Z/results/gemma3_270m/mg_workflow_005/repeat_001.json,mg_workflow_005/prompt.txt,9f53758489faf9c016e821d6b5547174c4b59b2793dce4bb16eefcac26a37d74,mg_workflow_005/responses/gemma3_270m.txt,4324bd74d6c247622f5d58ea731c68391fa2a5f3f4944c7021b5242187092c3e,19,0.02,False,includes_markdown_fence;missing_done;missing_generate_keyword;missing_import_model;missing_launch;missing_or_wrong_output;missing_or_wrong_process;wrong_or_missing_analysis;wrong_or_missing_detector;wrong_or_missing_ebeam1;wrong_or_missing_ebeam2;wrong_or_missing_iseed;wrong_or_missing_madspin;wrong_or_missing_nevents;wrong_or_missing_proton_definition;wrong_or_missing_shower,FOUND_AND_VERIFIED
gemma3:4b,gemma3:4b,mg_basic_001,1,ollama_http_generate_stream_false,httpclean_canonical_remaining20_r01_20260730T141006Z,runs/httpclean_canonical_remaining20_r01_20260730T141006Z/results/gemma3_4b/mg_basic_001/repeat_001.json,mg_basic_001/prompt.txt,61241a6f6e2c22439a8f05b285b90000148a40469202ebc9cebf877bc3971735,mg_basic_001/responses/gemma3_4b.txt,e4009310ed148da665168c0aef388fa137586cf35950e032a3413b4f3fad3876,24,0.1,False,includes_markdown_fence;missing_generate_keyword;missing_or_wrong_process;wrong_or_missing_beam_energy,FOUND_AND_VERIFIED
gemma3:4b,gemma3:4b,mg_basic_002,1,ollama_http_generate_stream_false,httpclean_canonical_remaining20_r01_20260730T141006Z,runs/httpclean_canonical_remaining20_r01_20260730T141006Z/results/gemma3_4b/mg_basic_002/repeat_001.json,mg_basic_002/prompt.txt,add87e8340ee5218da96ee5a55a699c2a58f9ad92529ec8214737092beb904a0,mg_basic_002/responses/gemma3_4b.txt,4e6ae06fbb028eaa2b7fb0e4175934e40238780a4bb1697d66d8009feb28bdc6,930,0.075,False,includes_markdown_fence;missing_or_wrong_output;missing_or_wrong_process;wrong_or_missing_beam_energy,FOUND_AND_VERIFIED
gemma3:4b,gemma3:4b,mg_basic_003,1,ollama_http_generate_stream_false,httpclean_canonical_remaining20_r01_20260730T141006Z,runs/httpclean_canonical_remaining20_r01_20260730T141006Z/results/gemma3_4b/mg_basic_003/repeat_001.json,mg_basic_003/prompt.txt,10b6fa4dddf836d899846b6df7403a25244e91acd9aa1854e15647c43e522e88,mg_basic_003/responses/gemma3_4b.txt,383184592329015a68c3924751f3f9e680b300c67ed79c3425d02afbd8484914,212,0.075,False,includes_markdown_fence;missing_generate_keyword;missing_or_wrong_output;missing_or_wrong_process;wrong_or_missing_beam_energy,FOUND_AND_VERIFIED
gemma3:4b,gemma3:4b,mg_debug_001,1,ollama_http_generate_stream_false,httpclean_canonical_remaining20_r01_20260730T141006Z,runs/httpclean_canonical_remaining20_r01_20260730T141006Z/results/gemma3_4b/mg_debug_001/repeat_001.json,mg_debug_001/prompt.txt,dc723c16ff26d05e5dde29a010390575912ee57391171a696ed192124caf3170,mg_debug_001/responses/gemma3_4b.txt,29799a6963e0e90b6d6375890415580bc625b9e7ce94c86d5dadadf9d8e58f47,125,0.425,False,includes_markdown_fence;missing_generate_keyword;missing_or_wrong_process;uses_invalid_beam1_beam2_commands;wrong_or_missing_beam_energy,FOUND_AND_VERIFIED
gemma3:4b,gemma3:4b,mg_debug_002,1,ollama_http_generate_stream_false,httpclean_canonical_remaining20_r01_20260730T141006Z,runs/httpclean_canonical_remaining20_r01_20260730T141006Z/results/gemma3_4b/mg_debug_002/repeat_001.json,mg_debug_002/prompt.txt,2c406712699e8748c1cdd042abba8750d066185da2ef8738407052a7359c0693,mg_debug_002/responses/gemma3_4b.txt,4fc35d8abb9ba82977b8f23ec9f6ec9a8b472ede8b972f5be3db44db548d8eab,124,0.425,False,includes_markdown_fence;missing_generate_keyword;missing_or_wrong_process;uses_invalid_beam1_beam2_commands;wrong_or_missing_beam_energy,FOUND_AND_VERIFIED
gemma3:4b,gemma3:4b,mg_debug_003,1,ollama_http_generate_stream_false,httpclean_canonical_remaining20_r01_20260730T141006Z,runs/httpclean_canonical_remaining20_r01_20260730T141006Z/results/gemma3_4b/mg_debug_003/repeat_001.json,mg_debug_003/prompt.txt,13576549308b889cb70018c19791ac7ee144c71472f98f91b891f2c1b3c9ef2f,mg_debug_003/responses/gemma3_4b.txt,f8cbba03752efe5a03cb8db8df982a494a89a9c2debd5c356384e26fa5e8c35d,160,0.45,False,includes_markdown_fence;uses_invalid_beam1_beam2_commands;wrong_or_missing_beam_energy,FOUND_AND_VERIFIED
gemma3:4b,gemma3:4b,mg_runcard_004,1,ollama_http_generate_stream_false,httpclean_canonical_remaining20_r01_20260730T141006Z,runs/httpclean_canonical_remaining20_r01_20260730T141006Z/results/gemma3_4b/mg_runcard_004/repeat_001.json,mg_runcard_004/prompt.txt,642ea01b7ffcd954be3050f66c75c70347c3dc35239cd52b41e089eaff8aa8bf,mg_runcard_004/responses/gemma3_4b.txt,5ad528e8a8e49431dc7c54fd1456f2f407589493735b4d889d9cb385f9239624,74,0.12,False,no_parseable_run_card_assignments;wrong_or_missing_ebeam1;wrong_or_missing_ebeam2;wrong_or_missing_etal;wrong_or_missing_iseed;wrong_or_missing_nevents;wrong_or_missing_ptl,FOUND_AND_VERIFIED
gemma3:4b,gemma3:4b,mg_workflow_005,1,ollama_http_generate_stream_false,httpclean_canonical_remaining20_r01_20260730T141006Z,runs/httpclean_canonical_remaining20_r01_20260730T141006Z/results/gemma3_4b/mg_workflow_005/repeat_001.json,mg_workflow_005/prompt.txt,9f53758489faf9c016e821d6b5547174c4b59b2793dce4bb16eefcac26a37d74,mg_workflow_005/responses/gemma3_4b.txt,e23f8eb2c2342fbfcea310a79ca0ce4928e937d3ba679bc1f61d373fd3710c43,160,0.02,False,includes_markdown_fence;missing_done;missing_import_model;missing_launch;missing_or_wrong_output;missing_or_wrong_process;wrong_or_missing_analysis;wrong_or_missing_detector;wrong_or_missing_ebeam1;wrong_or_missing_ebeam2;wrong_or_missing_iseed;wrong_or_missing_madspin;wrong_or_missing_nevents;wrong_or_missing_proton_definition;wrong_or_missing_shower,FOUND_AND_VERIFIED
gemma4:12b,gemma4:12b,mg_basic_001,1,ollama_http_generate_stream_false,httpclean_targeted_repair_nonoom_r01_20260803_001_gemma4_12b_mg_basic_001_ctx8192,runs/httpclean_targeted_repair_nonoom_r01_20260803_001_gemma4_12b_mg_basic_001_ctx8192/results/gemma4_12b/mg_basic_001/repeat_001.json,mg_basic_001/prompt.txt,61241a6f6e2c22439a8f05b285b90000148a40469202ebc9cebf877bc3971735,mg_basic_001/responses/gemma4_12b.txt,fcac0a7435a4cabcd05bdd511530b0c9a27c248bc34cfb556f122a699e3153b9,94,0.425,False,includes_markdown_fence;missing_or_wrong_process;wrong_or_missing_beam_energy,FOUND_AND_VERIFIED
gemma4:12b,gemma4:12b,mg_basic_002,1,ollama_http_generate_stream_false,httpclean_canonical_remaining20_r01_20260730T141006Z,runs/httpclean_canonical_remaining20_r01_20260730T141006Z/results/gemma4_12b/mg_basic_002/repeat_001.json,mg_basic_002/prompt.txt,add87e8340ee5218da96ee5a55a699c2a58f9ad92529ec8214737092beb904a0,mg_basic_002/responses/gemma4_12b.txt,fefbbf427635b3b54d04280778f8c1b4a61b7841d252f6aac2ce8017009d190c,11,0.1,False,missing_generate_keyword;missing_or_wrong_output;missing_or_wrong_process;wrong_or_missing_beam_energy,FOUND_AND_VERIFIED
gemma4:12b,gemma4:12b,mg_basic_003,1,ollama_http_generate_stream_false,httpclean_canonical_remaining20_r01_20260730T141006Z,runs/httpclean_canonical_remaining20_r01_20260730T141006Z/results/gemma4_12b/mg_basic_003/repeat_001.json,mg_basic_003/prompt.txt,10b6fa4dddf836d899846b6df7403a25244e91acd9aa1854e15647c43e522e88,mg_basic_003/responses/gemma4_12b.txt,ae47c33547d05a67d658c5d21e94f16fd3b5d3f3fd44cc5d20176c49438fcd47,92,0.31,False,missing_generate_keyword;missing_or_wrong_output;missing_or_wrong_process;wrong_or_missing_beam_energy,FOUND_AND_VERIFIED
gemma4:12b,gemma4:12b,mg_debug_001,1,ollama_http_generate_stream_false,httpclean_repair_gemma4_12b_final_r01_20260803_001_gemma4_12b_mg_debug_001_ctx16384,runs/httpclean_repair_gemma4_12b_final_r01_20260803_001_gemma4_12b_mg_debug_001_ctx16384/results/gemma4_12b/mg_debug_001/repeat_001.json,mg_debug_001/prompt.txt,dc723c16ff26d05e5dde29a010390575912ee57391171a696ed192124caf3170,mg_debug_001/responses/gemma4_12b.txt,88be41d11d765a5e5ea3189a585e985aed8918f381733f861b54317f7825ef1f,90,0.325,False,includes_markdown_fence;missing_generate_keyword;missing_or_wrong_process;uses_invalid_beam1_beam2_commands;wrong_or_missing_beam_energy,FOUND_AND_VERIFIED
gemma4:12b,gemma4:12b,mg_debug_002,1,ollama_http_generate_stream_false,httpclean_targeted_repair_nonoom_r01_20260803_003_gemma4_12b_mg_debug_002_ctx8192,runs/httpclean_targeted_repair_nonoom_r01_20260803_003_gemma4_12b_mg_debug_002_ctx8192/results/gemma4_12b/mg_debug_002/repeat_001.json,mg_debug_002/prompt.txt,2c406712699e8748c1cdd042abba8750d066185da2ef8738407052a7359c0693,mg_debug_002/responses/gemma4_12b.txt,57241dc75df0b8f56645f3095df59a782dd18026a350d48b8927277b7e2a362f,110,0.45,False,missing_generate_keyword;missing_or_wrong_process;uses_invalid_beam1_beam2_commands;wrong_or_missing_beam_energy,FOUND_AND_VERIFIED
gemma4:12b,gemma4:12b,mg_debug_003,1,ollama_http_generate_stream_false,httpclean_targeted_repair_nonoom_r01_20260803_004_gemma4_12b_mg_debug_003_ctx8192,runs/httpclean_targeted_repair_nonoom_r01_20260803_004_gemma4_12b_mg_debug_003_ctx8192/results/gemma4_12b/mg_debug_003/repeat_001.json,mg_debug_003/prompt.txt,13576549308b889cb70018c19791ac7ee144c71472f98f91b891f2c1b3c9ef2f,mg_debug_003/responses/gemma4_12b.txt,723b7a8ec480cf7508f079dadf19be45052bbcfd26107cd6a2893b27b119b642,141,0.6,False,uses_invalid_beam1_beam2_commands;wrong_or_missing_beam_energy,FOUND_AND_VERIFIED
gemma4:12b,gemma4:12b,mg_runcard_004,1,ollama_http_generate_stream_false,httpclean_canonical_remaining20_r01_20260730T141006Z,runs/httpclean_canonical_remaining20_r01_20260730T141006Z/results/gemma4_12b/mg_runcard_004/repeat_001.json,mg_runcard_004/prompt.txt,642ea01b7ffcd954be3050f66c75c70347c3dc35239cd52b41e089eaff8aa8bf,mg_runcard_004/responses/gemma4_12b.txt,ff8f0c239070cc200334b177b69e22806c5482a8875dd32b52894923d6a3cd1c,72,0.12,False,no_parseable_run_card_assignments;wrong_or_missing_ebeam1;wrong_or_missing_ebeam2;wrong_or_missing_etal;wrong_or_missing_iseed;wrong_or_missing_nevents;wrong_or_missing_ptl,FOUND_AND_VERIFIED
gemma4:12b,gemma4:12b,mg_workflow_005,1,ollama_http_generate_stream_false,httpclean_targeted_repair_nonoom_r01_20260803_005_gemma4_12b_mg_workflow_005_ctx8192,runs/httpclean_targeted_repair_nonoom_r01_20260803_005_gemma4_12b_mg_workflow_005_ctx8192/results/gemma4_12b/mg_workflow_005/repeat_001.json,mg_workflow_005/prompt.txt,9f53758489faf9c016e821d6b5547174c4b59b2793dce4bb16eefcac26a37d74,mg_workflow_005/responses/gemma4_12b.txt,c8175176da2320586a4f18aa93c258316687c31b7c1a897b1308642e617623c1,200,0.25,False,missing_done;missing_import_model;missing_launch;missing_or_wrong_output;wrong_or_missing_analysis;wrong_or_missing_detector;wrong_or_missing_ebeam1;wrong_or_missing_ebeam2;wrong_or_missing_iseed;wrong_or_missing_madspin;wrong_or_missing_nevents;wrong_or_missing_shower,FOUND_AND_VERIFIED
gemma4:26b,gemma4:26b,mg_basic_001,1,ollama_http_generate_stream_false,httpclean_canonical_core10_r01_20260730T054450Z,runs/httpclean_canonical_core10_r01_20260730T054450Z/results/gemma4_26b/mg_basic_001/repeat_001.json,mg_basic_001/prompt.txt,61241a6f6e2c22439a8f05b285b90000148a40469202ebc9cebf877bc3971735,mg_basic_001/responses/gemma4_26b.txt,432a0a12d2fbb56ccd81a79659abba34b9141ba93a9f628da17735e9d518ac69,196,0.6,False,wrong_or_missing_beam_energy,FOUND_AND_VERIFIED
gemma4:26b,gemma4:26b,mg_basic_002,1,ollama_http_generate_stream_false,httpclean_canonical_core10_r01_20260730T054450Z,runs/httpclean_canonical_core10_r01_20260730T054450Z/results/gemma4_26b/mg_basic_002/repeat_001.json,mg_basic_002/prompt.txt,add87e8340ee5218da96ee5a55a699c2a58f9ad92529ec8214737092beb904a0,mg_basic_002/responses/gemma4_26b.txt,d951298418b924718b6c628414c01e5761abf732eb464b41036bbab750f56ae8,78,0.45,False,includes_explanation_not_file_only;missing_or_wrong_output;wrong_or_missing_beam_energy,FOUND_AND_VERIFIED
gemma4:26b,gemma4:26b,mg_basic_003,1,ollama_http_generate_stream_false,httpclean_canonical_core10_r01_20260730T054450Z,runs/httpclean_canonical_core10_r01_20260730T054450Z/results/gemma4_26b/mg_basic_003/repeat_001.json,mg_basic_003/prompt.txt,10b6fa4dddf836d899846b6df7403a25244e91acd9aa1854e15647c43e522e88,mg_basic_003/responses/gemma4_26b.txt,130d3bc9dbf98817af19b9022ea1865776abaca881600fe5fab5cf06441959e8,101,0.38,False,missing_generate_keyword;missing_or_wrong_process;wrong_or_missing_beam_energy,FOUND_AND_VERIFIED
gemma4:26b,gemma4:26b,mg_debug_001,1,ollama_http_generate_stream_false,httpclean_canonical_core10_r01_20260730T054450Z,runs/httpclean_canonical_core10_r01_20260730T054450Z/results/gemma4_26b/mg_debug_001/repeat_001.json,mg_debug_001/prompt.txt,dc723c16ff26d05e5dde29a010390575912ee57391171a696ed192124caf3170,mg_debug_001/responses/gemma4_26b.txt,68cd957c7fb2c66e27f58f7ab41ed19f661b7b5f15c96050147620bfccf630b9,90,0.325,False,includes_markdown_fence;missing_generate_keyword;missing_or_wrong_process;uses_invalid_beam1_beam2_commands;wrong_or_missing_beam_energy,FOUND_AND_VERIFIED
gemma4:26b,gemma4:26b,mg_debug_002,1,ollama_http_generate_stream_false,httpclean_targeted_repair_nonoom_r01_20260803_009_gemma4_26b_mg_debug_002_ctx16384,runs/httpclean_targeted_repair_nonoom_r01_20260803_009_gemma4_26b_mg_debug_002_ctx16384/results/gemma4_26b/mg_debug_002/repeat_001.json,mg_debug_002/prompt.txt,2c406712699e8748c1cdd042abba8750d066185da2ef8738407052a7359c0693,mg_debug_002/responses/gemma4_26b.txt,d75366e1318e842d324209ac8cc6e52c8b348efec35950c32989ed130a0c84b4,145,0.4,False,includes_markdown_fence;missing_or_wrong_process;uses_invalid_beam1_beam2_commands;uses_tbar_instead_of_t_tilde;wrong_or_missing_beam_energy;wrong_proton_definition,FOUND_AND_VERIFIED
gemma4:26b,gemma4:26b,mg_debug_003,1,ollama_http_generate_stream_false,httpclean_canonical_core10_r01_20260730T054450Z,runs/httpclean_canonical_core10_r01_20260730T054450Z/results/gemma4_26b/mg_debug_003/repeat_001.json,mg_debug_003/prompt.txt,13576549308b889cb70018c19791ac7ee144c71472f98f91b891f2c1b3c9ef2f,mg_debug_003/responses/gemma4_26b.txt,13abd7942080e5431906296cd68829aede1ecf03c426cadcc0aaff99363fac43,148,0.6,False,uses_invalid_beam1_beam2_commands;wrong_or_missing_beam_energy,FOUND_AND_VERIFIED
gemma4:26b,gemma4:26b,mg_runcard_004,1,ollama_http_generate_stream_false,httpclean_canonical_core10_r01_20260730T054450Z,runs/httpclean_canonical_core10_r01_20260730T054450Z/results/gemma4_26b/mg_runcard_004/repeat_001.json,mg_runcard_004/prompt.txt,642ea01b7ffcd954be3050f66c75c70347c3dc35239cd52b41e089eaff8aa8bf,mg_runcard_004/responses/gemma4_26b.txt,dd261b9cec3478f753bb38f527251527883a4b580f3e48c471d7a1e907e10ce6,97,0.12,False,no_parseable_run_card_assignments;wrong_or_missing_ebeam1;wrong_or_missing_ebeam2;wrong_or_missing_etal;wrong_or_missing_iseed;wrong_or_missing_nevents;wrong_or_missing_ptl,FOUND_AND_VERIFIED
gemma4:26b,gemma4:26b,mg_workflow_005,1,ollama_http_generate_stream_false,httpclean_canonical_core10_r01_20260730T054450Z,runs/httpclean_canonical_core10_r01_20260730T054450Z/results/gemma4_26b/mg_workflow_005/repeat_001.json,mg_workflow_005/prompt.txt,9f53758489faf9c016e821d6b5547174c4b59b2793dce4bb16eefcac26a37d74,mg_workflow_005/responses/gemma4_26b.txt,aa0ca1c7e36bb3ab7ca0178962711bbf90ce0e224a018997d9ab3b63e423eff7,199,0.43,False,missing_done;missing_launch;wrong_or_missing_analysis;wrong_or_missing_detector;wrong_or_missing_ebeam1;wrong_or_missing_ebeam2;wrong_or_missing_iseed;wrong_or_missing_madspin;wrong_or_missing_shower,FOUND_AND_VERIFIED
gemma4:31b,gemma4:31b,mg_basic_001,1,ollama_http_generate_stream_false,httpclean_canonical_remaining20_r01_20260730T141006Z,runs/httpclean_canonical_remaining20_r01_20260730T141006Z/results/gemma4_31b/mg_basic_001/repeat_001.json,mg_basic_001/prompt.txt,61241a6f6e2c22439a8f05b285b90000148a40469202ebc9cebf877bc3971735,mg_basic_001/responses/gemma4_31b.txt,e08380ed6c86f8e2a75e77ea5add016682590ad91abf183bead849b11a22c827,141,0.5,False,includes_markdown_fence,FOUND_AND_VERIFIED
gemma4:31b,gemma4:31b,mg_basic_002,1,ollama_http_generate_stream_false,httpclean_canonical_remaining20_r01_20260730T141006Z,runs/httpclean_canonical_remaining20_r01_20260730T141006Z/results/gemma4_31b/mg_basic_002/repeat_001.json,mg_basic_002/prompt.txt,add87e8340ee5218da96ee5a55a699c2a58f9ad92529ec8214737092beb904a0,mg_basic_002/responses/gemma4_31b.txt,1ab1e7a4be867794d688495773cdcafc87cc8534562c80048705ce1eb7320770,65,0.1,False,missing_or_wrong_output;missing_or_wrong_process;wrong_or_missing_beam_energy,FOUND_AND_VERIFIED
gemma4:31b,gemma4:31b,mg_basic_003,1,ollama_http_generate_stream_false,httpclean_canonical_remaining20_r01_20260730T141006Z,runs/httpclean_canonical_remaining20_r01_20260730T141006Z/results/gemma4_31b/mg_basic_003/repeat_001.json,mg_basic_003/prompt.txt,10b6fa4dddf836d899846b6df7403a25244e91acd9aa1854e15647c43e522e88,mg_basic_003/responses/gemma4_31b.txt,468b5e6cc9f17a2b539beff479afa97ec010da94ac34ed04ea4c3a3719933714,95,0.6,False,wrong_or_missing_beam_energy,FOUND_AND_VERIFIED
gemma4:31b,gemma4:31b,mg_debug_001,1,ollama_http_generate_stream_false,httpclean_canonical_remaining20_r01_20260730T141006Z,runs/httpclean_canonical_remaining20_r01_20260730T141006Z/results/gemma4_31b/mg_debug_001/repeat_001.json,mg_debug_001/prompt.txt,dc723c16ff26d05e5dde29a010390575912ee57391171a696ed192124caf3170,mg_debug_001/responses/gemma4_31b.txt,219dbb8de91addd59204e499427f82f90d35ef381484156cb44aaf0740309ea8,137,0.45,False,includes_markdown_fence;uses_invalid_beam1_beam2_commands;wrong_or_missing_beam_energy,FOUND_AND_VERIFIED
gemma4:31b,gemma4:31b,mg_debug_002,1,ollama_http_generate_stream_false,httpclean_canonical_remaining20_r01_20260730T141006Z,runs/httpclean_canonical_remaining20_r01_20260730T141006Z/results/gemma4_31b/mg_debug_002/repeat_001.json,mg_debug_002/prompt.txt,2c406712699e8748c1cdd042abba8750d066185da2ef8738407052a7359c0693,mg_debug_002/responses/gemma4_31b.txt,a6c0076325dca3f88c70617b006a25be3d78a770d8b0a7972c012692665e402a,122,0.425,False,includes_markdown_fence;missing_generate_keyword;missing_or_wrong_process;uses_invalid_beam1_beam2_commands;wrong_or_missing_beam_energy,FOUND_AND_VERIFIED
gemma4:31b,gemma4:31b,mg_debug_003,1,ollama_http_generate_stream_false,httpclean_canonical_remaining20_r01_20260730T141006Z,runs/httpclean_canonical_remaining20_r01_20260730T141006Z/results/gemma4_31b/mg_debug_003/repeat_001.json,mg_debug_003/prompt.txt,13576549308b889cb70018c19791ac7ee144c71472f98f91b891f2c1b3c9ef2f,mg_debug_003/responses/gemma4_31b.txt,f8cbba03752efe5a03cb8db8df982a494a89a9c2debd5c356384e26fa5e8c35d,160,0.45,False,includes_markdown_fence;uses_invalid_beam1_beam2_commands;wrong_or_missing_beam_energy,FOUND_AND_VERIFIED
gemma4:31b,gemma4:31b,mg_runcard_004,1,ollama_http_generate_stream_false,httpclean_canonical_remaining20_r01_20260730T141006Z,runs/httpclean_canonical_remaining20_r01_20260730T141006Z/results/gemma4_31b/mg_runcard_004/repeat_001.json,mg_runcard_004/prompt.txt,642ea01b7ffcd954be3050f66c75c70347c3dc35239cd52b41e089eaff8aa8bf,mg_runcard_004/responses/gemma4_31b.txt,f65838b597ebd191ae114dc794e8c7e47b8c2deaace7e99f77c6433d92693a03,93,0.12,False,no_parseable_run_card_assignments;wrong_or_missing_ebeam1;wrong_or_missing_ebeam2;wrong_or_missing_etal;wrong_or_missing_iseed;wrong_or_missing_nevents;wrong_or_missing_ptl,FOUND_AND_VERIFIED
gemma4:31b,gemma4:31b,mg_workflow_005,1,ollama_http_generate_stream_false,httpclean_canonical_remaining20_r01_20260730T141006Z,runs/httpclean_canonical_remaining20_r01_20260730T141006Z/results/gemma4_31b/mg_workflow_005/repeat_001.json,mg_workflow_005/prompt.txt,9f53758489faf9c016e821d6b5547174c4b59b2793dce4bb16eefcac26a37d74,mg_workflow_005/responses/gemma4_31b.txt,ba1c29a607a999e511084d3ac4424cd6735f20bc9be4a97df1becc7b5b958a14,177,0.31,False,missing_done;missing_import_model;missing_launch;wrong_or_missing_analysis;wrong_or_missing_detector;wrong_or_missing_ebeam1;wrong_or_missing_ebeam2;wrong_or_missing_iseed;wrong_or_missing_madspin;wrong_or_missing_nevents;wrong_or_missing_shower,FOUND_AND_VERIFIED
gemma4:e2b,gemma4:e2b,mg_basic_001,1,ollama_http_generate_stream_false,httpclean_canonical_remaining20_r01_20260730T141006Z,runs/httpclean_canonical_remaining20_r01_20260730T141006Z/results/gemma4_e2b/mg_basic_001/repeat_001.json,mg_basic_001/prompt.txt,61241a6f6e2c22439a8f05b285b90000148a40469202ebc9cebf877bc3971735,mg_basic_001/responses/gemma4_e2b.txt,89d55f82d828c5134406780ddab31539c97d54773500d99dc4d1036628a8043b,91,0.45,False,missing_or_wrong_process;wrong_or_missing_beam_energy,FOUND_AND_VERIFIED
gemma4:e2b,gemma4:e2b,mg_basic_002,1,ollama_http_generate_stream_false,httpclean_canonical_remaining20_r01_20260730T141006Z,runs/httpclean_canonical_remaining20_r01_20260730T141006Z/results/gemma4_e2b/mg_basic_002/repeat_001.json,mg_basic_002/prompt.txt,add87e8340ee5218da96ee5a55a699c2a58f9ad92529ec8214737092beb904a0,mg_basic_002/responses/gemma4_e2b.txt,2c1e078ed05a32251644c0a4c82581cd06252b630f782bad155a2a7d46a51d9e,62,0.075,False,includes_markdown_fence;missing_or_wrong_output;missing_or_wrong_process;uses_process_keyword;wrong_or_missing_beam_energy,FOUND_AND_VERIFIED
gemma4:e2b,gemma4:e2b,mg_basic_003,1,ollama_http_generate_stream_false,httpclean_canonical_remaining20_r01_20260730T141006Z,runs/httpclean_canonical_remaining20_r01_20260730T141006Z/results/gemma4_e2b/mg_basic_003/repeat_001.json,mg_basic_003/prompt.txt,10b6fa4dddf836d899846b6df7403a25244e91acd9aa1854e15647c43e522e88,mg_basic_003/responses/gemma4_e2b.txt,3ee5e3d6d1ed4291fe56d6ec9720a58daf152f361b5869bb9ead17df3e1fb5e2,182,0.33,False,includes_explanation_not_file_only;includes_markdown_fence;missing_or_wrong_process;uses_arrow_instead_of_madgraph_gt;uses_process_keyword;wrong_or_missing_beam_energy,FOUND_AND_VERIFIED
gemma4:e2b,gemma4:e2b,mg_debug_001,1,ollama_http_generate_stream_false,httpclean_canonical_remaining20_r01_20260730T141006Z,runs/httpclean_canonical_remaining20_r01_20260730T141006Z/results/gemma4_e2b/mg_debug_001/repeat_001.json,mg_debug_001/prompt.txt,dc723c16ff26d05e5dde29a010390575912ee57391171a696ed192124caf3170,mg_debug_001/responses/gemma4_e2b.txt,3c4d3c3ff8fe34c9a2142ea07d4552db652e7eb1893bf6a1701bb9a34963ab1a,111,0.45,False,missing_generate_keyword;missing_or_wrong_process;uses_invalid_beam1_beam2_commands;wrong_or_missing_beam_energy,FOUND_AND_VERIFIED
gemma4:e2b,gemma4:e2b,mg_debug_002,1,ollama_http_generate_stream_false,httpclean_canonical_remaining20_r01_20260730T141006Z,runs/httpclean_canonical_remaining20_r01_20260730T141006Z/results/gemma4_e2b/mg_debug_002/repeat_001.json,mg_debug_002/prompt.txt,2c406712699e8748c1cdd042abba8750d066185da2ef8738407052a7359c0693,mg_debug_002/responses/gemma4_e2b.txt,1ad4945308c562436876dd6cc74dc158b456cae65677bf762fa82da71ecfb265,112,0.45,False,missing_or_wrong_process;uses_invalid_beam1_beam2_commands;uses_tbar_instead_of_t_tilde;wrong_or_missing_beam_energy,FOUND_AND_VERIFIED
gemma4:e2b,gemma4:e2b,mg_debug_003,1,ollama_http_generate_stream_false,httpclean_canonical_remaining20_r01_20260730T141006Z,runs/httpclean_canonical_remaining20_r01_20260730T141006Z/results/gemma4_e2b/mg_debug_003/repeat_001.json,mg_debug_003/prompt.txt,13576549308b889cb70018c19791ac7ee144c71472f98f91b891f2c1b3c9ef2f,mg_debug_003/responses/gemma4_e2b.txt,13abd7942080e5431906296cd68829aede1ecf03c426cadcc0aaff99363fac43,148,0.6,False,uses_invalid_beam1_beam2_commands;wrong_or_missing_beam_energy,FOUND_AND_VERIFIED
gemma4:e2b,gemma4:e2b,mg_runcard_004,1,ollama_http_generate_stream_false,httpclean_canonical_remaining20_r01_20260730T141006Z,runs/httpclean_canonical_remaining20_r01_20260730T141006Z/results/gemma4_e2b/mg_runcard_004/repeat_001.json,mg_runcard_004/prompt.txt,642ea01b7ffcd954be3050f66c75c70347c3dc35239cd52b41e089eaff8aa8bf,mg_runcard_004/responses/gemma4_e2b.txt,ecfac4e75166df6a0334f45135619f7446dd5a982ebc1510e81c114e8730ba61,176,0.12,False,no_parseable_run_card_assignments;wrong_or_missing_ebeam1;wrong_or_missing_ebeam2;wrong_or_missing_etal;wrong_or_missing_iseed;wrong_or_missing_nevents;wrong_or_missing_ptl,FOUND_AND_VERIFIED
gemma4:e2b,gemma4:e2b,mg_workflow_005,1,ollama_http_generate_stream_false,httpclean_canonical_remaining20_r01_20260730T141006Z,runs/httpclean_canonical_remaining20_r01_20260730T141006Z/results/gemma4_e2b/mg_workflow_005/repeat_001.json,mg_workflow_005/prompt.txt,9f53758489faf9c016e821d6b5547174c4b59b2793dce4bb16eefcac26a37d74,mg_workflow_005/responses/gemma4_e2b.txt,ea8209304dcd0135904d4c1b2aed7d70b8c166d1187e3b162c2a32f4bc205084,1156,0.085,False,includes_explanation_not_file_only;missing_done;missing_import_model;missing_launch;missing_or_wrong_output;missing_or_wrong_process;wrong_or_missing_analysis;wrong_or_missing_detector;wrong_or_missing_ebeam1;wrong_or_missing_ebeam2;wrong_or_missing_iseed;wrong_or_missing_madspin;wrong_or_missing_nevents;wrong_or_missing_shower,FOUND_AND_VERIFIED
gemma4:e4b,gemma4:e4b,mg_basic_001,1,ollama_http_generate_stream_false,httpclean_canonical_remaining20_r01_20260730T141006Z,runs/httpclean_canonical_remaining20_r01_20260730T141006Z/results/gemma4_e4b/mg_basic_001/repeat_001.json,mg_basic_001/prompt.txt,61241a6f6e2c22439a8f05b285b90000148a40469202ebc9cebf877bc3971735,mg_basic_001/responses/gemma4_e4b.txt,9ac06ece33f9e8775adaf783b6de6bc69d70aaa53b7669e279b9305035e2db81,123,0.425,False,includes_markdown_fence;missing_or_wrong_process;uses_arrow_instead_of_madgraph_gt;wrong_or_missing_beam_energy,FOUND_AND_VERIFIED
gemma4:e4b,gemma4:e4b,mg_basic_002,1,ollama_http_generate_stream_false,httpclean_canonical_remaining20_r01_20260730T141006Z,runs/httpclean_canonical_remaining20_r01_20260730T141006Z/results/gemma4_e4b/mg_basic_002/repeat_001.json,mg_basic_002/prompt.txt,add87e8340ee5218da96ee5a55a699c2a58f9ad92529ec8214737092beb904a0,mg_basic_002/responses/gemma4_e4b.txt,641242ad9cf902b8dcfeb86c9488534ab7e538c4fb265d4983f6d334525d36b6,631,0.05,False,includes_explanation_not_file_only;includes_markdown_fence;missing_or_wrong_output;missing_or_wrong_process;uses_process_keyword;wrong_or_missing_beam_energy,FOUND_AND_VERIFIED
gemma4:e4b,gemma4:e4b,mg_basic_003,1,ollama_http_generate_stream_false,httpclean_canonical_remaining20_r01_20260730T141006Z,runs/httpclean_canonical_remaining20_r01_20260730T141006Z/results/gemma4_e4b/mg_basic_003/repeat_001.json,mg_basic_003/prompt.txt,10b6fa4dddf836d899846b6df7403a25244e91acd9aa1854e15647c43e522e88,mg_basic_003/responses/gemma4_e4b.txt,01cf6f8ce30ace37b264deb49891e9e1c2c752f7bff42b773336bc2294874186,404,0.26,False,includes_explanation_not_file_only;includes_markdown_fence;missing_or_wrong_output;missing_or_wrong_process;wrong_or_missing_beam_energy,FOUND_AND_VERIFIED
gemma4:e4b,gemma4:e4b,mg_debug_001,1,ollama_http_generate_stream_false,httpclean_canonical_remaining20_r01_20260730T141006Z,runs/httpclean_canonical_remaining20_r01_20260730T141006Z/results/gemma4_e4b/mg_debug_001/repeat_001.json,mg_debug_001/prompt.txt,dc723c16ff26d05e5dde29a010390575912ee57391171a696ed192124caf3170,mg_debug_001/responses/gemma4_e4b.txt,e2d01244cfa8cb5fc6fd53a008024322862a8c113d8df354066b85e13c7bbfb5,78,0.35,False,missing_generate_keyword;missing_or_wrong_process;uses_invalid_beam1_beam2_commands;wrong_or_missing_beam_energy,FOUND_AND_VERIFIED
gemma4:e4b,gemma4:e4b,mg_debug_002,1,ollama_http_generate_stream_false,httpclean_canonical_remaining20_r01_20260730T141006Z,runs/httpclean_canonical_remaining20_r01_20260730T141006Z/results/gemma4_e4b/mg_debug_002/repeat_001.json,mg_debug_002/prompt.txt,2c406712699e8748c1cdd042abba8750d066185da2ef8738407052a7359c0693,mg_debug_002/responses/gemma4_e4b.txt,4221dff0ebf2021999adc2c387547f2e6e7e6feb713eab26fa755790e10f6613,91,0.3,False,includes_markdown_fence;missing_or_wrong_process;uses_invalid_beam1_beam2_commands;uses_tbar_instead_of_t_tilde;wrong_or_missing_beam_energy,FOUND_AND_VERIFIED
gemma4:e4b,gemma4:e4b,mg_debug_003,1,ollama_http_generate_stream_false,httpclean_canonical_remaining20_r01_20260730T141006Z,runs/httpclean_canonical_remaining20_r01_20260730T141006Z/results/gemma4_e4b/mg_debug_003/repeat_001.json,mg_debug_003/prompt.txt,13576549308b889cb70018c19791ac7ee144c71472f98f91b891f2c1b3c9ef2f,mg_debug_003/responses/gemma4_e4b.txt,13abd7942080e5431906296cd68829aede1ecf03c426cadcc0aaff99363fac43,148,0.6,False,uses_invalid_beam1_beam2_commands;wrong_or_missing_beam_energy,FOUND_AND_VERIFIED
gemma4:e4b,gemma4:e4b,mg_runcard_004,1,ollama_http_generate_stream_false,httpclean_canonical_remaining20_r01_20260730T141006Z,runs/httpclean_canonical_remaining20_r01_20260730T141006Z/results/gemma4_e4b/mg_runcard_004/repeat_001.json,mg_runcard_004/prompt.txt,642ea01b7ffcd954be3050f66c75c70347c3dc35239cd52b41e089eaff8aa8bf,mg_runcard_004/responses/gemma4_e4b.txt,e349635c2342f2738d8049108c6289a7425469c6553af9538aef8f63049498bd,115,0.12,False,no_parseable_run_card_assignments;wrong_or_missing_ebeam1;wrong_or_missing_ebeam2;wrong_or_missing_etal;wrong_or_missing_iseed;wrong_or_missing_nevents;wrong_or_missing_ptl,FOUND_AND_VERIFIED
gemma4:e4b,gemma4:e4b,mg_workflow_005,1,ollama_http_generate_stream_false,httpclean_canonical_remaining20_r01_20260730T141006Z,runs/httpclean_canonical_remaining20_r01_20260730T141006Z/results/gemma4_e4b/mg_workflow_005/repeat_001.json,mg_workflow_005/prompt.txt,9f53758489faf9c016e821d6b5547174c4b59b2793dce4bb16eefcac26a37d74,mg_workflow_005/responses/gemma4_e4b.txt,b99f88c21e8fa852ca3b0acf9c49426b011fbe4e9a803c12193d69c5ea516377,270,0.03,False,missing_done;missing_import_model;missing_launch;missing_or_wrong_output;missing_or_wrong_process;wrong_or_missing_analysis;wrong_or_missing_detector;wrong_or_missing_ebeam1;wrong_or_missing_ebeam2;wrong_or_missing_iseed;wrong_or_missing_madspin;wrong_or_missing_nevents;wrong_or_missing_proton_definition;wrong_or_missing_shower,FOUND_AND_VERIFIED
gpt-oss:120b,gpt-oss:120b,mg_basic_001,1,ollama_http_generate_stream_false,httpclean_targeted_repair_nonoom_r01_20260803_010_gpt-oss_120b_mg_basic_001_ctx4096,runs/httpclean_targeted_repair_nonoom_r01_20260803_010_gpt-oss_120b_mg_basic_001_ctx4096/results/gpt-oss_120b/mg_basic_001/repeat_001.json,mg_basic_001/prompt.txt,61241a6f6e2c22439a8f05b285b90000148a40469202ebc9cebf877bc3971735,mg_basic_001/responses/gpt-oss_120b.txt,80da3b0ddf6d0ff2547b8cc63280402678a348a9943e119760b7fd7ea6eb85a7,122,1,True,,FOUND_AND_VERIFIED
gpt-oss:120b,gpt-oss:120b,mg_basic_002,1,ollama_http_generate_stream_false,httpclean_targeted_repair_nonoom_r01_20260803_011_gpt-oss_120b_mg_basic_002_ctx4096,runs/httpclean_targeted_repair_nonoom_r01_20260803_011_gpt-oss_120b_mg_basic_002_ctx4096/results/gpt-oss_120b/mg_basic_002/repeat_001.json,mg_basic_002/prompt.txt,add87e8340ee5218da96ee5a55a699c2a58f9ad92529ec8214737092beb904a0,mg_basic_002/responses/gpt-oss_120b.txt,6b97ecdbfedea4d33e59b3ec98204fafb9e3f9c2b4ac83869a0b6c1836051238,273,0.6,False,missing_or_wrong_output;wrong_proton_definition,FOUND_AND_VERIFIED
gpt-oss:120b,gpt-oss:120b,mg_basic_003,1,ollama_http_generate_stream_false,httpclean_canonical_remaining20_r01_20260730T141006Z,runs/httpclean_canonical_remaining20_r01_20260730T141006Z/results/gpt-oss_120b/mg_basic_003/repeat_001.json,mg_basic_003/prompt.txt,10b6fa4dddf836d899846b6df7403a25244e91acd9aa1854e15647c43e522e88,mg_basic_003/responses/gpt-oss_120b.txt,af13277919539c0c8d06fe3f426a8bf236fe115f1211137d2a62769d134fee57,150,1,True,,FOUND_AND_VERIFIED
gpt-oss:120b,gpt-oss:120b,mg_debug_001,1,ollama_http_generate_stream_false,httpclean_canonical_remaining20_r01_20260730T141006Z,runs/httpclean_canonical_remaining20_r01_20260730T141006Z/results/gpt-oss_120b/mg_debug_001/repeat_001.json,mg_debug_001/prompt.txt,dc723c16ff26d05e5dde29a010390575912ee57391171a696ed192124caf3170,mg_debug_001/responses/gpt-oss_120b.txt,fceb4eaefd71ec06287f44392009c4e5192dd97974e5f4328ae7f467aeaaf14f,120,0.6,False,uses_invalid_beam1_beam2_commands;wrong_or_missing_beam_energy,FOUND_AND_VERIFIED
gpt-oss:120b,gpt-oss:120b,mg_debug_002,1,ollama_http_generate_stream_false,httpclean_canonical_remaining20_r01_20260730T141006Z,runs/httpclean_canonical_remaining20_r01_20260730T141006Z/results/gpt-oss_120b/mg_debug_002/repeat_001.json,mg_debug_002/prompt.txt,2c406712699e8748c1cdd042abba8750d066185da2ef8738407052a7359c0693,mg_debug_002/responses/gpt-oss_120b.txt,37109d1de7b6f49853d66c2a362369f1a071a8a1d5bf830c24282d3cb3ae6c0d,119,0.6,False,uses_invalid_beam1_beam2_commands;wrong_or_missing_beam_energy,FOUND_AND_VERIFIED
gpt-oss:120b,gpt-oss:120b,mg_debug_003,1,ollama_http_generate_stream_false,httpclean_canonical_remaining20_r01_20260730T141006Z,runs/httpclean_canonical_remaining20_r01_20260730T141006Z/results/gpt-oss_120b/mg_debug_003/repeat_001.json,mg_debug_003/prompt.txt,13576549308b889cb70018c19791ac7ee144c71472f98f91b891f2c1b3c9ef2f,mg_debug_003/responses/gpt-oss_120b.txt,49f917b79c9f4f1b204c0661d898b640d99575519a2640a05388a2227d040fd2,143,0.95,True,,FOUND_AND_VERIFIED
gpt-oss:120b,gpt-oss:120b,mg_runcard_004,1,ollama_http_generate_stream_false,httpclean_canonical_remaining20_r01_20260730T141006Z,runs/httpclean_canonical_remaining20_r01_20260730T141006Z/results/gpt-oss_120b/mg_runcard_004/repeat_001.json,mg_runcard_004/prompt.txt,642ea01b7ffcd954be3050f66c75c70347c3dc35239cd52b41e089eaff8aa8bf,mg_runcard_004/responses/gpt-oss_120b.txt,0c44126403f65ba5e4f5921301b08299b4bda2aa95de8684845ecbc37529df74,75,1,True,,FOUND_AND_VERIFIED
gpt-oss:120b,gpt-oss:120b,mg_workflow_005,1,ollama_http_generate_stream_false,httpclean_canonical_remaining20_r01_20260730T141006Z,runs/httpclean_canonical_remaining20_r01_20260730T141006Z/results/gpt-oss_120b/mg_workflow_005/repeat_001.json,mg_workflow_005/prompt.txt,9f53758489faf9c016e821d6b5547174c4b59b2793dce4bb16eefcac26a37d74,mg_workflow_005/responses/gpt-oss_120b.txt,491dd3fc356c41cf8c25ca10d28b69812e59fef7c2152e44577c5d0f1cc24896,209,0.88,False,missing_done;wrong_or_missing_analysis;wrong_or_missing_madspin,FOUND_AND_VERIFIED
gpt-oss:20b,gpt-oss:20b,mg_basic_001,1,ollama_http_generate_stream_false,httpclean_canonical_core10_r01_20260730T054450Z,runs/httpclean_canonical_core10_r01_20260730T054450Z/results/gpt-oss_20b/mg_basic_001/repeat_001.json,mg_basic_001/prompt.txt,61241a6f6e2c22439a8f05b285b90000148a40469202ebc9cebf877bc3971735,mg_basic_001/responses/gpt-oss_20b.txt,c4ffde2a38527feed138dccc994a04abf47ba7521f6c359a640ba5542339f8f4,116,0.6,False,missing_generate_keyword;missing_or_wrong_process,FOUND_AND_VERIFIED
gpt-oss:20b,gpt-oss:20b,mg_basic_002,1,ollama_http_generate_stream_false,httpclean_canonical_core10_r01_20260730T054450Z,runs/httpclean_canonical_core10_r01_20260730T054450Z/results/gpt-oss_20b/mg_basic_002/repeat_001.json,mg_basic_002/prompt.txt,add87e8340ee5218da96ee5a55a699c2a58f9ad92529ec8214737092beb904a0,mg_basic_002/responses/gpt-oss_20b.txt,e19846f44457431e5e3aefcd0fc3c3f345eabd025af8e570046a1bb1ab85203e,154,0.45,False,includes_explanation_not_file_only;missing_or_wrong_output,FOUND_AND_VERIFIED
gpt-oss:20b,gpt-oss:20b,mg_basic_003,1,ollama_http_generate_stream_false,httpclean_canonical_core10_r01_20260730T054450Z,runs/httpclean_canonical_core10_r01_20260730T054450Z/results/gpt-oss_20b/mg_basic_003/repeat_001.json,mg_basic_003/prompt.txt,10b6fa4dddf836d899846b6df7403a25244e91acd9aa1854e15647c43e522e88,mg_basic_003/responses/gpt-oss_20b.txt,befcd977ee79c2def1cf1ec4bf943a5f5aa273f76a4f7e88ac3994a532084bd8,114,0.6,False,wrong_or_missing_beam_energy,FOUND_AND_VERIFIED
gpt-oss:20b,gpt-oss:20b,mg_debug_001,1,ollama_http_generate_stream_false,httpclean_canonical_core10_r01_20260730T054450Z,runs/httpclean_canonical_core10_r01_20260730T054450Z/results/gpt-oss_20b/mg_debug_001/repeat_001.json,mg_debug_001/prompt.txt,dc723c16ff26d05e5dde29a010390575912ee57391171a696ed192124caf3170,mg_debug_001/responses/gpt-oss_20b.txt,4dedb2591ca06348eb76e59d2e995f91eaf4a9f27b7f1b0022ea861c0c78d130,86,0.45,False,missing_generate_keyword;missing_or_wrong_process;wrong_or_missing_beam_energy,FOUND_AND_VERIFIED
gpt-oss:20b,gpt-oss:20b,mg_debug_002,1,ollama_http_generate_stream_false,httpclean_canonical_core10_r01_20260730T054450Z,runs/httpclean_canonical_core10_r01_20260730T054450Z/results/gpt-oss_20b/mg_debug_002/repeat_001.json,mg_debug_002/prompt.txt,2c406712699e8748c1cdd042abba8750d066185da2ef8738407052a7359c0693,mg_debug_002/responses/gpt-oss_20b.txt,849c98c2794f9d72322ae67dae0c094b5d32b4b617db7238a25893ec5eb10f0d,112,0.6,False,missing_generate_keyword;missing_or_wrong_process,FOUND_AND_VERIFIED
gpt-oss:20b,gpt-oss:20b,mg_debug_003,1,ollama_http_generate_stream_false,httpclean_canonical_core10_r01_20260730T054450Z,runs/httpclean_canonical_core10_r01_20260730T054450Z/results/gpt-oss_20b/mg_debug_003/repeat_001.json,mg_debug_003/prompt.txt,13576549308b889cb70018c19791ac7ee144c71472f98f91b891f2c1b3c9ef2f,mg_debug_003/responses/gpt-oss_20b.txt,723b7a8ec480cf7508f079dadf19be45052bbcfd26107cd6a2893b27b119b642,141,0.6,False,uses_invalid_beam1_beam2_commands;wrong_or_missing_beam_energy,FOUND_AND_VERIFIED
gpt-oss:20b,gpt-oss:20b,mg_runcard_004,1,ollama_http_generate_stream_false,httpclean_canonical_core10_r01_20260730T054450Z,runs/httpclean_canonical_core10_r01_20260730T054450Z/results/gpt-oss_20b/mg_runcard_004/repeat_001.json,mg_runcard_004/prompt.txt,642ea01b7ffcd954be3050f66c75c70347c3dc35239cd52b41e089eaff8aa8bf,mg_runcard_004/responses/gpt-oss_20b.txt,01b8502cf86e724a5aab67263fe8930e8577af535272b7143c2e02f092312978,101,0.6,False,wrong_or_missing_etal;wrong_or_missing_iseed;wrong_or_missing_ptl,FOUND_AND_VERIFIED
gpt-oss:20b,gpt-oss:20b,mg_workflow_005,1,ollama_http_generate_stream_false,httpclean_canonical_core10_r01_20260730T054450Z,runs/httpclean_canonical_core10_r01_20260730T054450Z/results/gpt-oss_20b/mg_workflow_005/repeat_001.json,mg_workflow_005/prompt.txt,9f53758489faf9c016e821d6b5547174c4b59b2793dce4bb16eefcac26a37d74,mg_workflow_005/responses/gpt-oss_20b.txt,a41d69561059c2891fa7613626ec140740b363b85ec6289cbe94f23b31abe195,247,0.55,False,missing_done;missing_launch;uses_set_shower_instead_of_launch_switch;wrong_or_missing_analysis;wrong_or_missing_detector;wrong_or_missing_iseed;wrong_or_missing_madspin;wrong_or_missing_shower,FOUND_AND_VERIFIED
granite4:32b-a9b-h,granite4:32b-a9b-h,mg_basic_001,1,ollama_http_generate_stream_false,httpclean_canonical_remaining20_r01_20260730T141006Z,runs/httpclean_canonical_remaining20_r01_20260730T141006Z/results/granite4_32b-a9b-h/mg_basic_001/repeat_001.json,mg_basic_001/prompt.txt,61241a6f6e2c22439a8f05b285b90000148a40469202ebc9cebf877bc3971735,mg_basic_001/responses/granite4_32b-a9b-h.txt,df0058a240ce6111cd409feec855e4b31359bf57f9fcc7cb8762dcc867a6d0aa,193,0.425,False,includes_markdown_fence;missing_or_wrong_process;wrong_or_missing_beam_energy,FOUND_AND_VERIFIED
granite4:32b-a9b-h,granite4:32b-a9b-h,mg_basic_002,1,ollama_http_generate_stream_false,httpclean_canonical_remaining20_r01_20260730T141006Z,runs/httpclean_canonical_remaining20_r01_20260730T141006Z/results/granite4_32b-a9b-h/mg_basic_002/repeat_001.json,mg_basic_002/prompt.txt,add87e8340ee5218da96ee5a55a699c2a58f9ad92529ec8214737092beb904a0,mg_basic_002/responses/granite4_32b-a9b-h.txt,e5a0e649da23099757772f47a5ac5a7fb35b48dc1b6a2ec806063e67c44c5ed0,245,0.075,False,includes_markdown_fence;missing_or_wrong_output;missing_or_wrong_process;uses_process_keyword;wrong_or_missing_beam_energy,FOUND_AND_VERIFIED
granite4:32b-a9b-h,granite4:32b-a9b-h,mg_basic_003,1,ollama_http_generate_stream_false,httpclean_canonical_remaining20_r01_20260730T141006Z,runs/httpclean_canonical_remaining20_r01_20260730T141006Z/results/granite4_32b-a9b-h/mg_basic_003/repeat_001.json,mg_basic_003/prompt.txt,10b6fa4dddf836d899846b6df7403a25244e91acd9aa1854e15647c43e522e88,mg_basic_003/responses/granite4_32b-a9b-h.txt,a99fe46b6108d286ea761a9af302e2c98fe9e22142d39db0fca28229c311bec9,164,0.355,False,includes_explanation_not_file_only;missing_or_wrong_process;wrong_or_missing_beam_energy,FOUND_AND_VERIFIED
granite4:32b-a9b-h,granite4:32b-a9b-h,mg_debug_001,1,ollama_http_generate_stream_false,httpclean_canonical_remaining20_r01_20260730T141006Z,runs/httpclean_canonical_remaining20_r01_20260730T141006Z/results/granite4_32b-a9b-h/mg_debug_001/repeat_001.json,mg_debug_001/prompt.txt,dc723c16ff26d05e5dde29a010390575912ee57391171a696ed192124caf3170,mg_debug_001/responses/granite4_32b-a9b-h.txt,261c37ba941835dd42e58bbb1f3f54035c5a462a439684f5d8430816243a6b05,1290,0.425,False,includes_markdown_fence;missing_or_wrong_process;wrong_or_missing_beam_energy,FOUND_AND_VERIFIED
granite4:32b-a9b-h,granite4:32b-a9b-h,mg_debug_002,1,ollama_http_generate_stream_false,httpclean_canonical_remaining20_r01_20260730T141006Z,runs/httpclean_canonical_remaining20_r01_20260730T141006Z/results/granite4_32b-a9b-h/mg_debug_002/repeat_001.json,mg_debug_002/prompt.txt,2c406712699e8748c1cdd042abba8750d066185da2ef8738407052a7359c0693,mg_debug_002/responses/granite4_32b-a9b-h.txt,61ab589c9c096966762663cb12cb9316b373bf04507262117021418300a663c4,122,0.4,False,includes_markdown_fence;missing_generate_keyword;missing_or_wrong_process;wrong_or_missing_beam_energy;wrong_proton_definition,FOUND_AND_VERIFIED
granite4:32b-a9b-h,granite4:32b-a9b-h,mg_debug_003,1,ollama_http_generate_stream_false,httpclean_canonical_remaining20_r01_20260730T141006Z,runs/httpclean_canonical_remaining20_r01_20260730T141006Z/results/granite4_32b-a9b-h/mg_debug_003/repeat_001.json,mg_debug_003/prompt.txt,13576549308b889cb70018c19791ac7ee144c71472f98f91b891f2c1b3c9ef2f,mg_debug_003/responses/granite4_32b-a9b-h.txt,f8cbba03752efe5a03cb8db8df982a494a89a9c2debd5c356384e26fa5e8c35d,160,0.45,False,includes_markdown_fence;uses_invalid_beam1_beam2_commands;wrong_or_missing_beam_energy,FOUND_AND_VERIFIED
granite4:32b-a9b-h,granite4:32b-a9b-h,mg_runcard_004,1,ollama_http_generate_stream_false,httpclean_canonical_remaining20_r01_20260730T141006Z,runs/httpclean_canonical_remaining20_r01_20260730T141006Z/results/granite4_32b-a9b-h/mg_runcard_004/repeat_001.json,mg_runcard_004/prompt.txt,642ea01b7ffcd954be3050f66c75c70347c3dc35239cd52b41e089eaff8aa8bf,mg_runcard_004/responses/granite4_32b-a9b-h.txt,a7f5e1a13040b06eead4fedcf5a45c31cab77bfdc43aa7b32920bdd8f10f5acc,100,0.09,False,includes_markdown_fence;no_parseable_run_card_assignments;wrong_or_missing_ebeam1;wrong_or_missing_ebeam2;wrong_or_missing_etal;wrong_or_missing_iseed;wrong_or_missing_nevents;wrong_or_missing_ptl,FOUND_AND_VERIFIED
granite4:32b-a9b-h,granite4:32b-a9b-h,mg_workflow_005,1,ollama_http_generate_stream_false,httpclean_canonical_remaining20_r01_20260730T141006Z,runs/httpclean_canonical_remaining20_r01_20260730T141006Z/results/granite4_32b-a9b-h/mg_workflow_005/repeat_001.json,mg_workflow_005/prompt.txt,9f53758489faf9c016e821d6b5547174c4b59b2793dce4bb16eefcac26a37d74,mg_workflow_005/responses/granite4_32b-a9b-h.txt,42ee98c77529013b2a4b74a6a80aa57853b8c9adc89e3739a98664b8a4f79777,272,0.15,False,missing_done;missing_launch;missing_or_wrong_output;missing_or_wrong_process;wrong_or_missing_analysis;wrong_or_missing_detector;wrong_or_missing_ebeam1;wrong_or_missing_ebeam2;wrong_or_missing_iseed;wrong_or_missing_madspin;wrong_or_missing_nevents;wrong_or_missing_shower,FOUND_AND_VERIFIED
llama3.1:8b,llama3.1:8b,mg_basic_001,1,ollama_http_generate_stream_false,httpclean_canonical_core10_r01_20260730T054450Z,runs/httpclean_canonical_core10_r01_20260730T054450Z/results/llama3.1_8b/mg_basic_001/repeat_001.json,mg_basic_001/prompt.txt,61241a6f6e2c22439a8f05b285b90000148a40469202ebc9cebf877bc3971735,mg_basic_001/responses/llama3.1_8b.txt,6df99c85532023ccfce9d8a8c9951aa19a39ea8339c7a0fe16eee1ff65fa59aa,119,0.45,False,missing_generate_keyword;missing_or_wrong_process;wrong_or_missing_beam_energy,FOUND_AND_VERIFIED
llama3.1:8b,llama3.1:8b,mg_basic_002,1,ollama_http_generate_stream_false,httpclean_canonical_core10_r01_20260730T054450Z,runs/httpclean_canonical_core10_r01_20260730T054450Z/results/llama3.1_8b/mg_basic_002/repeat_001.json,mg_basic_002/prompt.txt,add87e8340ee5218da96ee5a55a699c2a58f9ad92529ec8214737092beb904a0,mg_basic_002/responses/llama3.1_8b.txt,a6c82b546bda79b7fc9727ad0d3d451aa1ea05efcd1b83e2492a577ec72e92db,355,0.1,False,missing_or_wrong_output;missing_or_wrong_process;wrong_or_missing_beam_energy,FOUND_AND_VERIFIED
llama3.1:8b,llama3.1:8b,mg_basic_003,1,ollama_http_generate_stream_false,httpclean_canonical_core10_r01_20260730T054450Z,runs/httpclean_canonical_core10_r01_20260730T054450Z/results/llama3.1_8b/mg_basic_003/repeat_001.json,mg_basic_003/prompt.txt,10b6fa4dddf836d899846b6df7403a25244e91acd9aa1854e15647c43e522e88,mg_basic_003/responses/llama3.1_8b.txt,7849fbe9fa165cd32d151492d2c0d88c05eece4facd0fccfbc6a978a2d61f59c,1012,0.075,False,includes_markdown_fence;missing_or_wrong_output;missing_or_wrong_process;wrong_or_missing_beam_energy,FOUND_AND_VERIFIED
llama3.1:8b,llama3.1:8b,mg_debug_001,1,ollama_http_generate_stream_false,httpclean_canonical_core10_r01_20260730T054450Z,runs/httpclean_canonical_core10_r01_20260730T054450Z/results/llama3.1_8b/mg_debug_001/repeat_001.json,mg_debug_001/prompt.txt,dc723c16ff26d05e5dde29a010390575912ee57391171a696ed192124caf3170,mg_debug_001/responses/llama3.1_8b.txt,c4d3cb09452138247211dc9430608264e705540543e2100831a1f88470f4ebca,188,0.425,False,includes_markdown_fence;missing_or_wrong_process;uses_invalid_beam1_beam2_commands;wrong_or_missing_beam_energy,FOUND_AND_VERIFIED
llama3.1:8b,llama3.1:8b,mg_debug_002,1,ollama_http_generate_stream_false,httpclean_canonical_core10_r01_20260730T054450Z,runs/httpclean_canonical_core10_r01_20260730T054450Z/results/llama3.1_8b/mg_debug_002/repeat_001.json,mg_debug_002/prompt.txt,2c406712699e8748c1cdd042abba8750d066185da2ef8738407052a7359c0693,mg_debug_002/responses/llama3.1_8b.txt,837d414ba29a115681a34403868d8820ffc694741dcdf38eaa9d5ab344f852a3,132,0.425,False,includes_markdown_fence;missing_or_wrong_process;wrong_or_missing_beam_energy,FOUND_AND_VERIFIED
llama3.1:8b,llama3.1:8b,mg_debug_003,1,ollama_http_generate_stream_false,httpclean_canonical_core10_r01_20260730T054450Z,runs/httpclean_canonical_core10_r01_20260730T054450Z/results/llama3.1_8b/mg_debug_003/repeat_001.json,mg_debug_003/prompt.txt,13576549308b889cb70018c19791ac7ee144c71472f98f91b891f2c1b3c9ef2f,mg_debug_003/responses/llama3.1_8b.txt,b8bc1672e7f29dd350e15b9b26d0cbf7de19e75c175658d1e313fd005398246e,142,0.45,False,includes_markdown_fence;uses_invalid_beam1_beam2_commands;wrong_or_missing_beam_energy,FOUND_AND_VERIFIED
llama3.1:8b,llama3.1:8b,mg_runcard_004,1,ollama_http_generate_stream_false,httpclean_canonical_core10_r01_20260730T054450Z,runs/httpclean_canonical_core10_r01_20260730T054450Z/results/llama3.1_8b/mg_runcard_004/repeat_001.json,mg_runcard_004/prompt.txt,642ea01b7ffcd954be3050f66c75c70347c3dc35239cd52b41e089eaff8aa8bf,mg_runcard_004/responses/llama3.1_8b.txt,2260ac9161f138a630ffe58eca0044fab09fd754e4df07f74638e0aa180681b3,113,0.12,False,no_parseable_run_card_assignments;wrong_or_missing_ebeam1;wrong_or_missing_ebeam2;wrong_or_missing_etal;wrong_or_missing_iseed;wrong_or_missing_nevents;wrong_or_missing_ptl,FOUND_AND_VERIFIED
llama3.1:8b,llama3.1:8b,mg_workflow_005,1,ollama_http_generate_stream_false,httpclean_canonical_core10_r01_20260730T054450Z,runs/httpclean_canonical_core10_r01_20260730T054450Z/results/llama3.1_8b/mg_workflow_005/repeat_001.json,mg_workflow_005/prompt.txt,9f53758489faf9c016e821d6b5547174c4b59b2793dce4bb16eefcac26a37d74,mg_workflow_005/responses/llama3.1_8b.txt,7187ef8c3515ec354513dc07315ab07abd27df9612a85b06c6e36b54fc8a8e34,941,0.14,False,includes_markdown_fence;missing_done;missing_generate_keyword;missing_import_model;missing_launch;missing_or_wrong_process;wrong_or_missing_analysis;wrong_or_missing_detector;wrong_or_missing_ebeam1;wrong_or_missing_ebeam2;wrong_or_missing_iseed;wrong_or_missing_madspin;wrong_or_missing_nevents;wrong_or_missing_shower,FOUND_AND_VERIFIED
llama3.3:70b,llama3.3:70b,mg_basic_001,1,ollama_http_generate_stream_false,httpclean_canonical_core10_r01_20260730T054450Z,runs/httpclean_canonical_core10_r01_20260730T054450Z/results/llama3.3_70b/mg_basic_001/repeat_001.json,mg_basic_001/prompt.txt,61241a6f6e2c22439a8f05b285b90000148a40469202ebc9cebf877bc3971735,mg_basic_001/responses/llama3.3_70b.txt,cb9fb3e6c8600fd4677079861f73a7dddd08d2d0674806d14fc520fc35a2d301,108,0.425,False,includes_markdown_fence;missing_or_wrong_process;wrong_or_missing_beam_energy,FOUND_AND_VERIFIED
llama3.3:70b,llama3.3:70b,mg_basic_002,1,ollama_http_generate_stream_false,httpclean_canonical_core10_r01_20260730T054450Z,runs/httpclean_canonical_core10_r01_20260730T054450Z/results/llama3.3_70b/mg_basic_002/repeat_001.json,mg_basic_002/prompt.txt,add87e8340ee5218da96ee5a55a699c2a58f9ad92529ec8214737092beb904a0,mg_basic_002/responses/llama3.3_70b.txt,46c9c949355ecd73c5cb4b429522b0081329b150cc33a8d9233b92f6a707086c,391,0.45,False,includes_markdown_fence;missing_or_wrong_output;wrong_or_missing_beam_energy,FOUND_AND_VERIFIED
llama3.3:70b,llama3.3:70b,mg_basic_003,1,ollama_http_generate_stream_false,httpclean_canonical_core10_r01_20260730T054450Z,runs/httpclean_canonical_core10_r01_20260730T054450Z/results/llama3.3_70b/mg_basic_003/repeat_001.json,mg_basic_003/prompt.txt,10b6fa4dddf836d899846b6df7403a25244e91acd9aa1854e15647c43e522e88,mg_basic_003/responses/llama3.3_70b.txt,af6319fc45fb986c3a0eaeac07b7d939cef2ff378adcb97dab561d7080dae2a9,163,0.45,False,includes_markdown_fence;missing_or_wrong_output;wrong_or_missing_beam_energy,FOUND_AND_VERIFIED
llama3.3:70b,llama3.3:70b,mg_debug_001,1,ollama_http_generate_stream_false,httpclean_canonical_core10_r01_20260730T054450Z,runs/httpclean_canonical_core10_r01_20260730T054450Z/results/llama3.3_70b/mg_debug_001/repeat_001.json,mg_debug_001/prompt.txt,dc723c16ff26d05e5dde29a010390575912ee57391171a696ed192124caf3170,mg_debug_001/responses/llama3.3_70b.txt,2a1d494fcd918843f1bdd73749aa633a981f45ac68fe584a3529cee2721b937f,365,0.425,False,includes_markdown_fence;missing_generate_keyword;missing_or_wrong_process;uses_invalid_beam1_beam2_commands;wrong_or_missing_beam_energy,FOUND_AND_VERIFIED
llama3.3:70b,llama3.3:70b,mg_debug_002,1,ollama_http_generate_stream_false,httpclean_canonical_core10_r01_20260730T054450Z,runs/httpclean_canonical_core10_r01_20260730T054450Z/results/llama3.3_70b/mg_debug_002/repeat_001.json,mg_debug_002/prompt.txt,2c406712699e8748c1cdd042abba8750d066185da2ef8738407052a7359c0693,mg_debug_002/responses/llama3.3_70b.txt,45d5f6fa086032491c3180aa059f2e13d2b21893689907a77817c2f723909c1e,133,0.5,False,includes_markdown_fence,FOUND_AND_VERIFIED
llama3.3:70b,llama3.3:70b,mg_debug_003,1,ollama_http_generate_stream_false,httpclean_canonical_core10_r01_20260730T054450Z,runs/httpclean_canonical_core10_r01_20260730T054450Z/results/llama3.3_70b/mg_debug_003/repeat_001.json,mg_debug_003/prompt.txt,13576549308b889cb70018c19791ac7ee144c71472f98f91b891f2c1b3c9ef2f,mg_debug_003/responses/llama3.3_70b.txt,428b648524f4afaf54e2f1d45c37c9d22ff070689e0f69f238814c2c5e794682,215,0.5,False,includes_explanation_not_file_only;includes_markdown_fence,FOUND_AND_VERIFIED
llama3.3:70b,llama3.3:70b,mg_runcard_004,1,ollama_http_generate_stream_false,httpclean_canonical_core10_r01_20260730T054450Z,runs/httpclean_canonical_core10_r01_20260730T054450Z/results/llama3.3_70b/mg_runcard_004/repeat_001.json,mg_runcard_004/prompt.txt,642ea01b7ffcd954be3050f66c75c70347c3dc35239cd52b41e089eaff8aa8bf,mg_runcard_004/responses/llama3.3_70b.txt,5d48a40759bd17a1cc61f9562523b98a84665e1776efabe339dd2419f793c174,92,0.72,False,wrong_or_missing_etal;wrong_or_missing_ptl,FOUND_AND_VERIFIED
llama3.3:70b,llama3.3:70b,mg_workflow_005,1,ollama_http_generate_stream_false,httpclean_canonical_core10_r01_20260730T054450Z,runs/httpclean_canonical_core10_r01_20260730T054450Z/results/llama3.3_70b/mg_workflow_005/repeat_001.json,mg_workflow_005/prompt.txt,9f53758489faf9c016e821d6b5547174c4b59b2793dce4bb16eefcac26a37d74,mg_workflow_005/responses/llama3.3_70b.txt,e7d6ff302d8fa858db483c3577afb06758eafcf80ebd17a18690813a43ba7e88,223,0.37,False,missing_done;missing_launch;uses_boolean_tool_switch_instead_of_tool_name;wrong_or_missing_analysis;wrong_or_missing_detector;wrong_or_missing_ebeam1;wrong_or_missing_ebeam2;wrong_or_missing_iseed;wrong_or_missing_madspin;wrong_or_missing_nevents;wrong_or_missing_shower,FOUND_AND_VERIFIED
llama3:8b,llama3:8b,mg_basic_001,1,ollama_http_generate_stream_false,httpclean_canonical_core10_r01_20260730T054450Z,runs/httpclean_canonical_core10_r01_20260730T054450Z/results/llama3_8b/mg_basic_001/repeat_001.json,mg_basic_001/prompt.txt,61241a6f6e2c22439a8f05b285b90000148a40469202ebc9cebf877bc3971735,mg_basic_001/responses/llama3_8b.txt,21083dae4447f954b964e68823de4c51008ab32e3ad23fdfbf2d34628e0847ab,132,0.425,False,includes_markdown_fence;missing_generate_keyword;missing_or_wrong_process;wrong_or_missing_beam_energy,FOUND_AND_VERIFIED
llama3:8b,llama3:8b,mg_basic_002,1,ollama_http_generate_stream_false,httpclean_canonical_core10_r01_20260730T054450Z,runs/httpclean_canonical_core10_r01_20260730T054450Z/results/llama3_8b/mg_basic_002/repeat_001.json,mg_basic_002/prompt.txt,add87e8340ee5218da96ee5a55a699c2a58f9ad92529ec8214737092beb904a0,mg_basic_002/responses/llama3_8b.txt,9643e09ac4c23ff1203f26f8731af22d7a5fe4aba6744c04c6fd72e24324f935,326,0.05,False,includes_explanation_not_file_only;includes_markdown_fence;missing_or_wrong_output;missing_or_wrong_process;uses_process_keyword;wrong_or_missing_beam_energy,FOUND_AND_VERIFIED
llama3:8b,llama3:8b,mg_basic_003,1,ollama_http_generate_stream_false,httpclean_canonical_core10_r01_20260730T054450Z,runs/httpclean_canonical_core10_r01_20260730T054450Z/results/llama3_8b/mg_basic_003/repeat_001.json,mg_basic_003/prompt.txt,10b6fa4dddf836d899846b6df7403a25244e91acd9aa1854e15647c43e522e88,mg_basic_003/responses/llama3_8b.txt,6e2ccbf072bfd22a53bb29b228b75f8fb9ade662ce925d68f886eb3e60d67707,151,0.285,False,includes_markdown_fence;missing_or_wrong_output;missing_or_wrong_process;wrong_or_missing_beam_energy,FOUND_AND_VERIFIED
llama3:8b,llama3:8b,mg_debug_001,1,ollama_http_generate_stream_false,httpclean_canonical_core10_r01_20260730T054450Z,runs/httpclean_canonical_core10_r01_20260730T054450Z/results/llama3_8b/mg_debug_001/repeat_001.json,mg_debug_001/prompt.txt,dc723c16ff26d05e5dde29a010390575912ee57391171a696ed192124caf3170,mg_debug_001/responses/llama3_8b.txt,a774bb0e020a0d8556cb91147984b672e06f4933dde62e5c2a332c50b15a361b,217,0.425,False,includes_markdown_fence;missing_or_wrong_process;uses_invalid_beam1_beam2_commands;wrong_or_missing_beam_energy,FOUND_AND_VERIFIED
llama3:8b,llama3:8b,mg_debug_002,1,ollama_http_generate_stream_false,httpclean_canonical_core10_r01_20260730T054450Z,runs/httpclean_canonical_core10_r01_20260730T054450Z/results/llama3_8b/mg_debug_002/repeat_001.json,mg_debug_002/prompt.txt,2c406712699e8748c1cdd042abba8750d066185da2ef8738407052a7359c0693,mg_debug_002/responses/llama3_8b.txt,f932232acf6182931fa4a02d6b68a007f1c2b8ebce603bcbda98e9c73436a543,167,0.425,False,includes_markdown_fence;missing_or_wrong_process;uses_invalid_beam1_beam2_commands;wrong_or_missing_beam_energy,FOUND_AND_VERIFIED
llama3:8b,llama3:8b,mg_debug_003,1,ollama_http_generate_stream_false,httpclean_canonical_core10_r01_20260730T054450Z,runs/httpclean_canonical_core10_r01_20260730T054450Z/results/llama3_8b/mg_debug_003/repeat_001.json,mg_debug_003/prompt.txt,13576549308b889cb70018c19791ac7ee144c71472f98f91b891f2c1b3c9ef2f,mg_debug_003/responses/llama3_8b.txt,007126ce5907d64c59dd6e47df98e281b082036d8e873365defbe627bde1850b,147,0.45,False,includes_markdown_fence;missing_or_wrong_process;uses_invalid_beam1_beam2_commands;uses_process_keyword;wrong_jet_definition;wrong_or_missing_beam_energy,FOUND_AND_VERIFIED
llama3:8b,llama3:8b,mg_runcard_004,1,ollama_http_generate_stream_false,httpclean_canonical_core10_r01_20260730T054450Z,runs/httpclean_canonical_core10_r01_20260730T054450Z/results/llama3_8b/mg_runcard_004/repeat_001.json,mg_runcard_004/prompt.txt,642ea01b7ffcd954be3050f66c75c70347c3dc35239cd52b41e089eaff8aa8bf,mg_runcard_004/responses/llama3_8b.txt,3d3a074e25cfd16da60276fc18269bfcc4746f667c171ff1b235229e6b4b5bd9,261,0.12,False,no_parseable_run_card_assignments;wrong_or_missing_ebeam1;wrong_or_missing_ebeam2;wrong_or_missing_etal;wrong_or_missing_iseed;wrong_or_missing_nevents;wrong_or_missing_ptl,FOUND_AND_VERIFIED
llama3:8b,llama3:8b,mg_workflow_005,1,ollama_http_generate_stream_false,httpclean_canonical_core10_r01_20260730T054450Z,runs/httpclean_canonical_core10_r01_20260730T054450Z/results/llama3_8b/mg_workflow_005/repeat_001.json,mg_workflow_005/prompt.txt,9f53758489faf9c016e821d6b5547174c4b59b2793dce4bb16eefcac26a37d74,mg_workflow_005/responses/llama3_8b.txt,969c850587bf2808dd8123f366d784ef60c2e840e56280d713f70876633b700c,339,0.09,False,missing_done;missing_generate_keyword;missing_import_model;missing_launch;missing_or_wrong_output;missing_or_wrong_process;wrong_or_missing_analysis;wrong_or_missing_detector;wrong_or_missing_ebeam1;wrong_or_missing_ebeam2;wrong_or_missing_iseed;wrong_or_missing_madspin;wrong_or_missing_nevents;wrong_or_missing_shower,FOUND_AND_VERIFIED
ministral-3:14b,ministral-3:14b,mg_basic_001,1,ollama_http_generate_stream_false,httpclean_canonical_remaining20_r01_20260730T141006Z,runs/httpclean_canonical_remaining20_r01_20260730T141006Z/results/ministral-3_14b/mg_basic_001/repeat_001.json,mg_basic_001/prompt.txt,61241a6f6e2c22439a8f05b285b90000148a40469202ebc9cebf877bc3971735,mg_basic_001/responses/ministral-3_14b.txt,3ad4575743e14f45b8fef2c4d32b8956e84308a4c8bf2976560971b17ae9dfb9,146,0.225,False,includes_markdown_fence;missing_or_wrong_process;wrong_or_missing_beam_energy,FOUND_AND_VERIFIED
ministral-3:14b,ministral-3:14b,mg_basic_002,1,ollama_http_generate_stream_false,httpclean_canonical_remaining20_r01_20260730T141006Z,runs/httpclean_canonical_remaining20_r01_20260730T141006Z/results/ministral-3_14b/mg_basic_002/repeat_001.json,mg_basic_002/prompt.txt,add87e8340ee5218da96ee5a55a699c2a58f9ad92529ec8214737092beb904a0,mg_basic_002/responses/ministral-3_14b.txt,7f9716fef4805aa86c8d2bd2e4a0a12ac2cd4cbbfdbf8645e53aa335d0de1acc,363,0.15,False,includes_explanation_not_file_only;includes_markdown_fence;missing_or_wrong_output;missing_or_wrong_process;wrong_or_missing_beam_energy,FOUND_AND_VERIFIED
ministral-3:14b,ministral-3:14b,mg_basic_003,1,ollama_http_generate_stream_false,httpclean_canonical_remaining20_r01_20260730T141006Z,runs/httpclean_canonical_remaining20_r01_20260730T141006Z/results/ministral-3_14b/mg_basic_003/repeat_001.json,mg_basic_003/prompt.txt,10b6fa4dddf836d899846b6df7403a25244e91acd9aa1854e15647c43e522e88,mg_basic_003/responses/ministral-3_14b.txt,40ca1fb6c36e27b22d1a7708b65b3bfd16348ce96693ac2236c97500c6e9ea7a,367,0.5,False,includes_markdown_fence,FOUND_AND_VERIFIED
ministral-3:14b,ministral-3:14b,mg_debug_001,1,ollama_http_generate_stream_false,httpclean_canonical_remaining20_r01_20260730T141006Z,runs/httpclean_canonical_remaining20_r01_20260730T141006Z/results/ministral-3_14b/mg_debug_001/repeat_001.json,mg_debug_001/prompt.txt,dc723c16ff26d05e5dde29a010390575912ee57391171a696ed192124caf3170,mg_debug_001/responses/ministral-3_14b.txt,59f131563bfde3873b9654279ee67ad12de46868a03a44afc7d7741d17ece2be,163,0.425,False,includes_markdown_fence;missing_or_wrong_process;uses_invalid_beam1_beam2_commands;wrong_or_missing_beam_energy,FOUND_AND_VERIFIED
ministral-3:14b,ministral-3:14b,mg_debug_002,1,ollama_http_generate_stream_false,httpclean_canonical_remaining20_r01_20260730T141006Z,runs/httpclean_canonical_remaining20_r01_20260730T141006Z/results/ministral-3_14b/mg_debug_002/repeat_001.json,mg_debug_002/prompt.txt,2c406712699e8748c1cdd042abba8750d066185da2ef8738407052a7359c0693,mg_debug_002/responses/ministral-3_14b.txt,3efca0bb0f2eaababdf4934230a89ccab61b2ecedcbc2f4ef0ed8eb3a14d3b8e,107,0.3,False,includes_markdown_fence;missing_or_wrong_process;uses_invalid_beam1_beam2_commands;wrong_or_missing_beam_energy,FOUND_AND_VERIFIED
ministral-3:14b,ministral-3:14b,mg_debug_003,1,ollama_http_generate_stream_false,httpclean_canonical_remaining20_r01_20260730T141006Z,runs/httpclean_canonical_remaining20_r01_20260730T141006Z/results/ministral-3_14b/mg_debug_003/repeat_001.json,mg_debug_003/prompt.txt,13576549308b889cb70018c19791ac7ee144c71472f98f91b891f2c1b3c9ef2f,mg_debug_003/responses/ministral-3_14b.txt,c042cb351530b8efbb4aed2f117c03030c4143c625e69b4501aa371afded5c61,157,0.45,False,includes_markdown_fence;uses_invalid_beam1_beam2_commands;wrong_or_missing_beam_energy,FOUND_AND_VERIFIED
ministral-3:14b,ministral-3:14b,mg_runcard_004,1,ollama_http_generate_stream_false,httpclean_canonical_remaining20_r01_20260730T141006Z,runs/httpclean_canonical_remaining20_r01_20260730T141006Z/results/ministral-3_14b/mg_runcard_004/repeat_001.json,mg_runcard_004/prompt.txt,642ea01b7ffcd954be3050f66c75c70347c3dc35239cd52b41e089eaff8aa8bf,mg_runcard_004/responses/ministral-3_14b.txt,82c4fa14422ef069e2f4ea3033d71f9551ab1f8c810be220dc3aa26b8c726939,106,0.09,False,includes_markdown_fence;no_parseable_run_card_assignments;wrong_or_missing_ebeam1;wrong_or_missing_ebeam2;wrong_or_missing_etal;wrong_or_missing_iseed;wrong_or_missing_nevents;wrong_or_missing_ptl,FOUND_AND_VERIFIED
ministral-3:14b,ministral-3:14b,mg_workflow_005,1,ollama_http_generate_stream_false,httpclean_canonical_remaining20_r01_20260730T141006Z,runs/httpclean_canonical_remaining20_r01_20260730T141006Z/results/ministral-3_14b/mg_workflow_005/repeat_001.json,mg_workflow_005/prompt.txt,9f53758489faf9c016e821d6b5547174c4b59b2793dce4bb16eefcac26a37d74,mg_workflow_005/responses/ministral-3_14b.txt,4cb7f833c81e024af377cff341b12bcd6029c0d5b4afb962af45864f85c294e3,424,0.38,False,missing_done;missing_or_wrong_output;missing_or_wrong_process;uses_set_madspin_instead_of_launch_switch;uses_set_shower_instead_of_launch_switch;wrong_or_missing_analysis;wrong_or_missing_detector;wrong_or_missing_iseed;wrong_or_missing_madspin;wrong_or_missing_shower,FOUND_AND_VERIFIED
mistral-small3.2:24b,mistral-small3.2:24b,mg_basic_001,1,ollama_http_generate_stream_false,httpclean_canonical_remaining20_r01_20260730T141006Z,runs/httpclean_canonical_remaining20_r01_20260730T141006Z/results/mistral-small3.2_24b/mg_basic_001/repeat_001.json,mg_basic_001/prompt.txt,61241a6f6e2c22439a8f05b285b90000148a40469202ebc9cebf877bc3971735,mg_basic_001/responses/mistral-small3.2_24b.txt,6f6af7654a1d61f3caaf6530cdbc8baa2cf4bb4b7ebc606ae0a9921bd91552b4,126,0.45,False,includes_markdown_fence;wrong_or_missing_beam_energy,FOUND_AND_VERIFIED
mistral-small3.2:24b,mistral-small3.2:24b,mg_basic_002,1,ollama_http_generate_stream_false,httpclean_canonical_remaining20_r01_20260730T141006Z,runs/httpclean_canonical_remaining20_r01_20260730T141006Z/results/mistral-small3.2_24b/mg_basic_002/repeat_001.json,mg_basic_002/prompt.txt,add87e8340ee5218da96ee5a55a699c2a58f9ad92529ec8214737092beb904a0,mg_basic_002/responses/mistral-small3.2_24b.txt,e34e8abb58337d37920673d5ae1b710af4e153bae1b73ca32ca1da206f805aa7,84,0.45,False,includes_markdown_fence;missing_or_wrong_output;wrong_or_missing_beam_energy,FOUND_AND_VERIFIED
mistral-small3.2:24b,mistral-small3.2:24b,mg_basic_003,1,ollama_http_generate_stream_false,httpclean_canonical_remaining20_r01_20260730T141006Z,runs/httpclean_canonical_remaining20_r01_20260730T141006Z/results/mistral-small3.2_24b/mg_basic_003/repeat_001.json,mg_basic_003/prompt.txt,10b6fa4dddf836d899846b6df7403a25244e91acd9aa1854e15647c43e522e88,mg_basic_003/responses/mistral-small3.2_24b.txt,6caaaecc69569cc9bfaceee4913ed15a65c98f72abba4e0ca8b2707577191128,212,0.5,False,includes_markdown_fence,FOUND_AND_VERIFIED
mistral-small3.2:24b,mistral-small3.2:24b,mg_debug_001,1,ollama_http_generate_stream_false,httpclean_canonical_remaining20_r01_20260730T141006Z,runs/httpclean_canonical_remaining20_r01_20260730T141006Z/results/mistral-small3.2_24b/mg_debug_001/repeat_001.json,mg_debug_001/prompt.txt,dc723c16ff26d05e5dde29a010390575912ee57391171a696ed192124caf3170,mg_debug_001/responses/mistral-small3.2_24b.txt,e6a69c6f8bd326c39ada0ea5f0321c4fb328ef6cb8e6a83fd0653ed6bb19b281,105,0.325,False,includes_markdown_fence;missing_or_wrong_process;uses_invalid_beam1_beam2_commands;wrong_or_missing_beam_energy,FOUND_AND_VERIFIED
mistral-small3.2:24b,mistral-small3.2:24b,mg_debug_002,1,ollama_http_generate_stream_false,httpclean_canonical_remaining20_r01_20260730T141006Z,runs/httpclean_canonical_remaining20_r01_20260730T141006Z/results/mistral-small3.2_24b/mg_debug_002/repeat_001.json,mg_debug_002/prompt.txt,2c406712699e8748c1cdd042abba8750d066185da2ef8738407052a7359c0693,mg_debug_002/responses/mistral-small3.2_24b.txt,45d5f6fa086032491c3180aa059f2e13d2b21893689907a77817c2f723909c1e,133,0.5,False,includes_markdown_fence,FOUND_AND_VERIFIED
mistral-small3.2:24b,mistral-small3.2:24b,mg_debug_003,1,ollama_http_generate_stream_false,httpclean_canonical_remaining20_r01_20260730T141006Z,runs/httpclean_canonical_remaining20_r01_20260730T141006Z/results/mistral-small3.2_24b/mg_debug_003/repeat_001.json,mg_debug_003/prompt.txt,13576549308b889cb70018c19791ac7ee144c71472f98f91b891f2c1b3c9ef2f,mg_debug_003/responses/mistral-small3.2_24b.txt,46cb65d73e737926567e8386f2878a4febc53dcba470d89364f70cc77b763f54,153,0.45,False,includes_markdown_fence;uses_invalid_beam1_beam2_commands;wrong_or_missing_beam_energy,FOUND_AND_VERIFIED
mistral-small3.2:24b,mistral-small3.2:24b,mg_runcard_004,1,ollama_http_generate_stream_false,httpclean_canonical_remaining20_r01_20260730T141006Z,runs/httpclean_canonical_remaining20_r01_20260730T141006Z/results/mistral-small3.2_24b/mg_runcard_004/repeat_001.json,mg_runcard_004/prompt.txt,642ea01b7ffcd954be3050f66c75c70347c3dc35239cd52b41e089eaff8aa8bf,mg_runcard_004/responses/mistral-small3.2_24b.txt,145992e30bc1bcf648c8c9125be60fbc2fc2e7e40cb34ddd83b765bdbf12deab,83,0.09,False,includes_markdown_fence;no_parseable_run_card_assignments;wrong_or_missing_ebeam1;wrong_or_missing_ebeam2;wrong_or_missing_etal;wrong_or_missing_iseed;wrong_or_missing_nevents;wrong_or_missing_ptl,FOUND_AND_VERIFIED
mistral-small3.2:24b,mistral-small3.2:24b,mg_workflow_005,1,ollama_http_generate_stream_false,httpclean_canonical_remaining20_r01_20260730T141006Z,runs/httpclean_canonical_remaining20_r01_20260730T141006Z/results/mistral-small3.2_24b/mg_workflow_005/repeat_001.json,mg_workflow_005/prompt.txt,9f53758489faf9c016e821d6b5547174c4b59b2793dce4bb16eefcac26a37d74,mg_workflow_005/responses/mistral-small3.2_24b.txt,4161a8fe8f01bd52ba15378a9e5c44d84f68fa17e0029aba34ef292063e356b8,298,0.49,False,missing_done;missing_launch;wrong_or_missing_analysis;wrong_or_missing_detector;wrong_or_missing_iseed;wrong_or_missing_madspin;wrong_or_missing_proton_definition;wrong_or_missing_shower,FOUND_AND_VERIFIED
phi4-mini:3.8b,phi4-mini:3.8b,mg_basic_001,1,ollama_http_generate_stream_false,httpclean_canonical_core10_r01_20260730T054450Z,runs/httpclean_canonical_core10_r01_20260730T054450Z/results/phi4-mini_3.8b/mg_basic_001/repeat_001.json,mg_basic_001/prompt.txt,61241a6f6e2c22439a8f05b285b90000148a40469202ebc9cebf877bc3971735,mg_basic_001/responses/phi4-mini_3.8b.txt,9c183dc5239a648dbca3f0350501b92145909c399a97eedcb7cd162c97756e4b,321,0.425,False,includes_markdown_fence;missing_generate_keyword;missing_or_wrong_process;wrong_or_missing_beam_energy,FOUND_AND_VERIFIED
phi4-mini:3.8b,phi4-mini:3.8b,mg_basic_002,1,ollama_http_generate_stream_false,httpclean_canonical_core10_r01_20260730T054450Z,runs/httpclean_canonical_core10_r01_20260730T054450Z/results/phi4-mini_3.8b/mg_basic_002/repeat_001.json,mg_basic_002/prompt.txt,add87e8340ee5218da96ee5a55a699c2a58f9ad92529ec8214737092beb904a0,mg_basic_002/responses/phi4-mini_3.8b.txt,f10918eb6894c282ac65b9eb85e332cba470f1e6231986b11cb42da5bdc02b15,85,0.075,False,includes_markdown_fence;missing_or_wrong_output;missing_or_wrong_process;wrong_or_missing_beam_energy,FOUND_AND_VERIFIED
phi4-mini:3.8b,phi4-mini:3.8b,mg_basic_003,1,ollama_http_generate_stream_false,httpclean_canonical_core10_r01_20260730T054450Z,runs/httpclean_canonical_core10_r01_20260730T054450Z/results/phi4-mini_3.8b/mg_basic_003/repeat_001.json,mg_basic_003/prompt.txt,10b6fa4dddf836d899846b6df7403a25244e91acd9aa1854e15647c43e522e88,mg_basic_003/responses/phi4-mini_3.8b.txt,de3cad9e256d346cd79904da32c298e2c0ca76a9a655743b52722a56d2043fcc,237,0.075,False,includes_markdown_fence;missing_or_wrong_output;missing_or_wrong_process;uses_process_keyword;wrong_or_missing_beam_energy,FOUND_AND_VERIFIED
phi4-mini:3.8b,phi4-mini:3.8b,mg_debug_001,1,ollama_http_generate_stream_false,httpclean_canonical_core10_r01_20260730T054450Z,runs/httpclean_canonical_core10_r01_20260730T054450Z/results/phi4-mini_3.8b/mg_debug_001/repeat_001.json,mg_debug_001/prompt.txt,dc723c16ff26d05e5dde29a010390575912ee57391171a696ed192124caf3170,mg_debug_001/responses/phi4-mini_3.8b.txt,9dc0a2010ea1fa00d95609514c8498eeaea65e4a6b6fbb123ce4099452d23d3a,213,0.1,False,includes_markdown_fence;missing_or_wrong_process;uses_invalid_beam1_beam2_commands;wrong_or_missing_beam_energy,FOUND_AND_VERIFIED
phi4-mini:3.8b,phi4-mini:3.8b,mg_debug_002,1,ollama_http_generate_stream_false,httpclean_canonical_core10_r01_20260730T054450Z,runs/httpclean_canonical_core10_r01_20260730T054450Z/results/phi4-mini_3.8b/mg_debug_002/repeat_001.json,mg_debug_002/prompt.txt,2c406712699e8748c1cdd042abba8750d066185da2ef8738407052a7359c0693,mg_debug_002/responses/phi4-mini_3.8b.txt,a965052b6fb1927ec52f8d4ca467cec76c693bcce65fd51572d2743bd795a024,184,0.1,False,missing_or_wrong_output;missing_or_wrong_process;uses_arrow_instead_of_madgraph_gt;wrong_or_missing_beam_energy,FOUND_AND_VERIFIED
phi4-mini:3.8b,phi4-mini:3.8b,mg_debug_003,1,ollama_http_generate_stream_false,httpclean_canonical_core10_r01_20260730T054450Z,runs/httpclean_canonical_core10_r01_20260730T054450Z/results/phi4-mini_3.8b/mg_debug_003/repeat_001.json,mg_debug_003/prompt.txt,13576549308b889cb70018c19791ac7ee144c71472f98f91b891f2c1b3c9ef2f,mg_debug_003/responses/phi4-mini_3.8b.txt,d51c8a76b93719c95cfbbb9c2bccb9a519aa16463d7b1c764be517c1cde03c92,213,0.075,False,includes_markdown_fence;missing_or_wrong_output;missing_or_wrong_process;uses_invalid_beam1_beam2_commands;wrong_or_missing_beam_energy,FOUND_AND_VERIFIED
phi4-mini:3.8b,phi4-mini:3.8b,mg_runcard_004,1,ollama_http_generate_stream_false,httpclean_canonical_core10_r01_20260730T054450Z,runs/httpclean_canonical_core10_r01_20260730T054450Z/results/phi4-mini_3.8b/mg_runcard_004/repeat_001.json,mg_runcard_004/prompt.txt,642ea01b7ffcd954be3050f66c75c70347c3dc35239cd52b41e089eaff8aa8bf,mg_runcard_004/responses/phi4-mini_3.8b.txt,0bf9904b92d23019e5de1bab583a11b050912a72e40c219cc08d7ac584049185,143,0.12,False,no_parseable_run_card_assignments;wrong_or_missing_ebeam1;wrong_or_missing_ebeam2;wrong_or_missing_etal;wrong_or_missing_iseed;wrong_or_missing_nevents;wrong_or_missing_ptl,FOUND_AND_VERIFIED
phi4-mini:3.8b,phi4-mini:3.8b,mg_workflow_005,1,ollama_http_generate_stream_false,httpclean_canonical_core10_r01_20260730T054450Z,runs/httpclean_canonical_core10_r01_20260730T054450Z/results/phi4-mini_3.8b/mg_workflow_005/repeat_001.json,mg_workflow_005/prompt.txt,9f53758489faf9c016e821d6b5547174c4b59b2793dce4bb16eefcac26a37d74,mg_workflow_005/responses/phi4-mini_3.8b.txt,4faf622fd126111c992f3b8e2543160a5dfd1e5592efd52bbab3e78c8e4224da,544,0.085,False,includes_explanation_not_file_only;missing_done;missing_generate_keyword;missing_import_model;missing_launch;missing_or_wrong_output;missing_or_wrong_process;wrong_or_missing_analysis;wrong_or_missing_detector;wrong_or_missing_ebeam1;wrong_or_missing_ebeam2;wrong_or_missing_iseed;wrong_or_missing_madspin;wrong_or_missing_nevents;wrong_or_missing_shower,FOUND_AND_VERIFIED
phi4-reasoning:plus,phi4-reasoning:plus,mg_basic_001,1,ollama_http_generate_stream_false,httpclean_canonical_remaining20_r01_20260730T141006Z,runs/httpclean_canonical_remaining20_r01_20260730T141006Z/results/phi4-reasoning_plus/mg_basic_001/repeat_001.json,mg_basic_001/prompt.txt,61241a6f6e2c22439a8f05b285b90000148a40469202ebc9cebf877bc3971735,mg_basic_001/responses/phi4-reasoning_plus.txt,afc41e861aa3e675aa1748b0591ec999e1b64dde237ef6ba22c789dca8e281ee,13897,0.4,False,includes_explanation_not_file_only;includes_markdown_fence;missing_generate_keyword;missing_or_wrong_process;uses_arrow_instead_of_madgraph_gt;uses_semicolon_syntax;wrong_or_missing_beam_energy,FOUND_AND_VERIFIED
phi4-reasoning:plus,phi4-reasoning:plus,mg_basic_002,1,ollama_http_generate_stream_false,httpclean_canonical_remaining20_r01_20260730T141006Z,runs/httpclean_canonical_remaining20_r01_20260730T141006Z/results/phi4-reasoning_plus/mg_basic_002/repeat_001.json,mg_basic_002/prompt.txt,add87e8340ee5218da96ee5a55a699c2a58f9ad92529ec8214737092beb904a0,mg_basic_002/responses/phi4-reasoning_plus.txt,44e2ca1550b77979019cf8537fa45abe79207b93f50e084374074f66079a13be,14709,0.25,False,includes_explanation_not_file_only;includes_markdown_fence;missing_generate_keyword;missing_or_wrong_output;missing_or_wrong_process;uses_process_keyword;wrong_or_missing_beam_energy;wrong_proton_definition,FOUND_AND_VERIFIED
phi4-reasoning:plus,phi4-reasoning:plus,mg_basic_003,1,ollama_http_generate_stream_false,httpclean_canonical_remaining20_r01_20260730T141006Z,runs/httpclean_canonical_remaining20_r01_20260730T141006Z/results/phi4-reasoning_plus/mg_basic_003/repeat_001.json,mg_basic_003/prompt.txt,10b6fa4dddf836d899846b6df7403a25244e91acd9aa1854e15647c43e522e88,mg_basic_003/responses/phi4-reasoning_plus.txt,f2556902d592e94d53e79b5131d2e879c2483bb6082456232a22f99f0875e65f,16008,0.45,False,includes_explanation_not_file_only;includes_markdown_fence;missing_generate_keyword;wrong_or_missing_beam_energy,FOUND_AND_VERIFIED
phi4-reasoning:plus,phi4-reasoning:plus,mg_debug_001,1,ollama_http_generate_stream_false,httpclean_canonical_remaining20_r01_20260730T141006Z,runs/httpclean_canonical_remaining20_r01_20260730T141006Z/results/phi4-reasoning_plus/mg_debug_001/repeat_001.json,mg_debug_001/prompt.txt,dc723c16ff26d05e5dde29a010390575912ee57391171a696ed192124caf3170,mg_debug_001/responses/phi4-reasoning_plus.txt,adf53b5982eee3f12e1844edb0239007d8141b65230bbe4eccd6e8c960200e5f,27091,0.4,False,includes_explanation_not_file_only;includes_markdown_fence;missing_generate_keyword;missing_or_wrong_process;uses_arrow_instead_of_madgraph_gt;uses_invalid_beam1_beam2_commands;uses_semicolon_syntax;wrong_or_missing_beam_energy,FOUND_AND_VERIFIED
phi4-reasoning:plus,phi4-reasoning:plus,mg_debug_002,1,ollama_http_generate_stream_false,httpclean_canonical_remaining20_r01_20260730T141006Z,runs/httpclean_canonical_remaining20_r01_20260730T141006Z/results/phi4-reasoning_plus/mg_debug_002/repeat_001.json,mg_debug_002/prompt.txt,2c406712699e8748c1cdd042abba8750d066185da2ef8738407052a7359c0693,mg_debug_002/responses/phi4-reasoning_plus.txt,5a54d6a4d0a9732bae9c1c9fb58ea40a2ec65ef7cda5478e67e12646da1a3474,15234,0.4,False,includes_explanation_not_file_only;includes_markdown_fence;missing_generate_keyword;missing_or_wrong_process;uses_invalid_beam1_beam2_commands;uses_tbar_instead_of_t_tilde;wrong_or_missing_beam_energy,FOUND_AND_VERIFIED
phi4-reasoning:plus,phi4-reasoning:plus,mg_debug_003,1,ollama_http_generate_stream_false,httpclean_canonical_remaining20_r01_20260730T141006Z,runs/httpclean_canonical_remaining20_r01_20260730T141006Z/results/phi4-reasoning_plus/mg_debug_003/repeat_001.json,mg_debug_003/prompt.txt,13576549308b889cb70018c19791ac7ee144c71472f98f91b891f2c1b3c9ef2f,mg_debug_003/responses/phi4-reasoning_plus.txt,1236d93456fef78ebf33b741afd8595c54f6a02eec6d5bfbf84b6ebf6c898986,5684,0.45,False,includes_explanation_not_file_only;includes_markdown_fence;uses_arrow_instead_of_madgraph_gt;uses_invalid_beam1_beam2_commands;uses_process_keyword;wrong_or_missing_beam_energy,FOUND_AND_VERIFIED
phi4-reasoning:plus,phi4-reasoning:plus,mg_runcard_004,1,ollama_http_generate_stream_false,httpclean_canonical_remaining20_r01_20260730T141006Z,runs/httpclean_canonical_remaining20_r01_20260730T141006Z/results/phi4-reasoning_plus/mg_runcard_004/repeat_001.json,mg_runcard_004/prompt.txt,642ea01b7ffcd954be3050f66c75c70347c3dc35239cd52b41e089eaff8aa8bf,mg_runcard_004/responses/phi4-reasoning_plus.txt,5257739df3f9b291689e26375e36ff0039ad9db6c01553e1a701ff9fcdd87048,18820,0.06,False,includes_explanation_not_file_only;includes_markdown_fence;no_parseable_run_card_assignments;wrong_or_missing_ebeam1;wrong_or_missing_ebeam2;wrong_or_missing_etal;wrong_or_missing_iseed;wrong_or_missing_nevents;wrong_or_missing_ptl,FOUND_AND_VERIFIED
phi4-reasoning:plus,phi4-reasoning:plus,mg_workflow_005,1,ollama_http_generate_stream_false,httpclean_canonical_remaining20_r01_20260730T141006Z,runs/httpclean_canonical_remaining20_r01_20260730T141006Z/results/phi4-reasoning_plus/mg_workflow_005/repeat_001.json,mg_workflow_005/prompt.txt,9f53758489faf9c016e821d6b5547174c4b59b2793dce4bb16eefcac26a37d74,mg_workflow_005/responses/phi4-reasoning_plus.txt,c4a255838790aa216492f80ce495f74270fd243d39416aa70ddfd69d33982840,23143,0.345,False,includes_explanation_not_file_only;includes_markdown_fence;missing_done;missing_or_wrong_output;uses_arrow_instead_of_madgraph_gt;wrong_or_missing_analysis;wrong_or_missing_detector;wrong_or_missing_ebeam1;wrong_or_missing_ebeam2;wrong_or_missing_iseed;wrong_or_missing_madspin;wrong_or_missing_nevents;wrong_or_missing_shower,FOUND_AND_VERIFIED
phi4:14b,phi4:14b,mg_basic_001,1,ollama_http_generate_stream_false,httpclean_canonical_core10_r01_20260730T054450Z,runs/httpclean_canonical_core10_r01_20260730T054450Z/results/phi4_14b/mg_basic_001/repeat_001.json,mg_basic_001/prompt.txt,61241a6f6e2c22439a8f05b285b90000148a40469202ebc9cebf877bc3971735,mg_basic_001/responses/phi4_14b.txt,2ea0cd46ad6f0bff8a819824914ee08ebf98ae9f5ea458c41c1e0b24497bbe17,129,0.425,False,includes_markdown_fence;missing_generate_keyword;missing_or_wrong_process;wrong_or_missing_beam_energy,FOUND_AND_VERIFIED
phi4:14b,phi4:14b,mg_basic_002,1,ollama_http_generate_stream_false,httpclean_canonical_core10_r01_20260730T054450Z,runs/httpclean_canonical_core10_r01_20260730T054450Z/results/phi4_14b/mg_basic_002/repeat_001.json,mg_basic_002/prompt.txt,add87e8340ee5218da96ee5a55a699c2a58f9ad92529ec8214737092beb904a0,mg_basic_002/responses/phi4_14b.txt,5e9fa42e5f6ac8897507a77e8350a68c494e659248ad9e6d883fc7a8aaf61f8b,1257,0.45,False,includes_markdown_fence;missing_or_wrong_output;wrong_or_missing_beam_energy;wrong_proton_definition,FOUND_AND_VERIFIED
phi4:14b,phi4:14b,mg_basic_003,1,ollama_http_generate_stream_false,httpclean_canonical_core10_r01_20260730T054450Z,runs/httpclean_canonical_core10_r01_20260730T054450Z/results/phi4_14b/mg_basic_003/repeat_001.json,mg_basic_003/prompt.txt,10b6fa4dddf836d899846b6df7403a25244e91acd9aa1854e15647c43e522e88,mg_basic_003/responses/phi4_14b.txt,b6866629e80e9527bdcd7cbc5435da3ad47f7631754634308badff4bef19f437,162,0.41,False,includes_markdown_fence;missing_generate_keyword;missing_or_wrong_process;wrong_jet_definition;wrong_or_missing_beam_energy,FOUND_AND_VERIFIED
phi4:14b,phi4:14b,mg_debug_001,1,ollama_http_generate_stream_false,httpclean_canonical_core10_r01_20260730T054450Z,runs/httpclean_canonical_core10_r01_20260730T054450Z/results/phi4_14b/mg_debug_001/repeat_001.json,mg_debug_001/prompt.txt,dc723c16ff26d05e5dde29a010390575912ee57391171a696ed192124caf3170,mg_debug_001/responses/phi4_14b.txt,e2cb9488e7d0efb42b2a8f254fc0146c7cf764a2577fbff7f9ea306c0c336b58,109,0.45,False,includes_markdown_fence;uses_invalid_beam1_beam2_commands;wrong_or_missing_beam_energy,FOUND_AND_VERIFIED
phi4:14b,phi4:14b,mg_debug_002,1,ollama_http_generate_stream_false,httpclean_canonical_core10_r01_20260730T054450Z,runs/httpclean_canonical_core10_r01_20260730T054450Z/results/phi4_14b/mg_debug_002/repeat_001.json,mg_debug_002/prompt.txt,2c406712699e8748c1cdd042abba8750d066185da2ef8738407052a7359c0693,mg_debug_002/responses/phi4_14b.txt,808eed52055a31251e9c8d9348c8b5c2dfdf98369d2616d15475ee61f164d810,80,0.225,False,includes_markdown_fence;missing_or_wrong_output;missing_or_wrong_process;wrong_or_missing_beam_energy,FOUND_AND_VERIFIED
phi4:14b,phi4:14b,mg_debug_003,1,ollama_http_generate_stream_false,httpclean_canonical_core10_r01_20260730T054450Z,runs/httpclean_canonical_core10_r01_20260730T054450Z/results/phi4_14b/mg_debug_003/repeat_001.json,mg_debug_003/prompt.txt,13576549308b889cb70018c19791ac7ee144c71472f98f91b891f2c1b3c9ef2f,mg_debug_003/responses/phi4_14b.txt,1bc57996e56505fc129e224faf9fe08247c2ef76af3c849571af5c353c8f01c8,279,0.45,False,includes_explanation_not_file_only;includes_markdown_fence;uses_invalid_beam1_beam2_commands;wrong_or_missing_beam_energy,FOUND_AND_VERIFIED
phi4:14b,phi4:14b,mg_runcard_004,1,ollama_http_generate_stream_false,httpclean_canonical_core10_r01_20260730T054450Z,runs/httpclean_canonical_core10_r01_20260730T054450Z/results/phi4_14b/mg_runcard_004/repeat_001.json,mg_runcard_004/prompt.txt,642ea01b7ffcd954be3050f66c75c70347c3dc35239cd52b41e089eaff8aa8bf,mg_runcard_004/responses/phi4_14b.txt,2037dac0a65108d8a863fb2ca0d44f5ba8e1ba265a184f64a1285865a21d45fd,204,0.09,False,includes_markdown_fence;no_parseable_run_card_assignments;wrong_or_missing_ebeam1;wrong_or_missing_ebeam2;wrong_or_missing_etal;wrong_or_missing_iseed;wrong_or_missing_nevents;wrong_or_missing_ptl,FOUND_AND_VERIFIED
phi4:14b,phi4:14b,mg_workflow_005,1,ollama_http_generate_stream_false,httpclean_canonical_core10_r01_20260730T054450Z,runs/httpclean_canonical_core10_r01_20260730T054450Z/results/phi4_14b/mg_workflow_005/repeat_001.json,mg_workflow_005/prompt.txt,9f53758489faf9c016e821d6b5547174c4b59b2793dce4bb16eefcac26a37d74,mg_workflow_005/responses/phi4_14b.txt,e30294476d35f89ab1fd56cacf6d902ebaae51c34c3a212f4515ab24b14a1a15,1237,0.125,False,includes_explanation_not_file_only;includes_markdown_fence;missing_done;missing_or_wrong_output;missing_or_wrong_process;wrong_or_missing_analysis;wrong_or_missing_detector;wrong_or_missing_ebeam1;wrong_or_missing_ebeam2;wrong_or_missing_iseed;wrong_or_missing_madspin;wrong_or_missing_nevents;wrong_or_missing_proton_definition;wrong_or_missing_shower,FOUND_AND_VERIFIED
qwen2.5-coder:14b,qwen2.5-coder:14b,mg_basic_001,1,ollama_http_generate_stream_false,httpclean_canonical_core10_r01_20260730T054450Z,runs/httpclean_canonical_core10_r01_20260730T054450Z/results/qwen2.5-coder_14b/mg_basic_001/repeat_001.json,mg_basic_001/prompt.txt,61241a6f6e2c22439a8f05b285b90000148a40469202ebc9cebf877bc3971735,mg_basic_001/responses/qwen2.5-coder_14b.txt,496d69f412d9ebfb1581f57bc36cf90dadbad334bb5411cdd29fd541d95ed2c2,131,0.45,False,includes_markdown_fence;missing_generate_keyword;missing_or_wrong_process,FOUND_AND_VERIFIED
qwen2.5-coder:14b,qwen2.5-coder:14b,mg_basic_002,1,ollama_http_generate_stream_false,httpclean_canonical_core10_r01_20260730T054450Z,runs/httpclean_canonical_core10_r01_20260730T054450Z/results/qwen2.5-coder_14b/mg_basic_002/repeat_001.json,mg_basic_002/prompt.txt,add87e8340ee5218da96ee5a55a699c2a58f9ad92529ec8214737092beb904a0,mg_basic_002/responses/qwen2.5-coder_14b.txt,265112c9bd462df4ab6870b2cb8d1f5d4123f2dc883d608f7dff113fdf553e93,184,0.45,False,includes_explanation_not_file_only;includes_markdown_fence;missing_or_wrong_output;wrong_or_missing_beam_energy;wrong_proton_definition,FOUND_AND_VERIFIED
qwen2.5-coder:14b,qwen2.5-coder:14b,mg_basic_003,1,ollama_http_generate_stream_false,httpclean_canonical_core10_r01_20260730T054450Z,runs/httpclean_canonical_core10_r01_20260730T054450Z/results/qwen2.5-coder_14b/mg_basic_003/repeat_001.json,mg_basic_003/prompt.txt,10b6fa4dddf836d899846b6df7403a25244e91acd9aa1854e15647c43e522e88,mg_basic_003/responses/qwen2.5-coder_14b.txt,55393291ca49c492364c20851740ad7cbb17028302fa5f25428caf5546711127,298,0.45,False,includes_markdown_fence;wrong_or_missing_beam_energy,FOUND_AND_VERIFIED
qwen2.5-coder:14b,qwen2.5-coder:14b,mg_debug_001,1,ollama_http_generate_stream_false,httpclean_canonical_core10_r01_20260730T054450Z,runs/httpclean_canonical_core10_r01_20260730T054450Z/results/qwen2.5-coder_14b/mg_debug_001/repeat_001.json,mg_debug_001/prompt.txt,dc723c16ff26d05e5dde29a010390575912ee57391171a696ed192124caf3170,mg_debug_001/responses/qwen2.5-coder_14b.txt,8f73db6592b7cd0a55ab9e48b1980761b9150085aadc72b69575b292851aae8b,105,0.325,False,includes_markdown_fence;missing_or_wrong_process;uses_invalid_beam1_beam2_commands;wrong_or_missing_beam_energy,FOUND_AND_VERIFIED
qwen2.5-coder:14b,qwen2.5-coder:14b,mg_debug_002,1,ollama_http_generate_stream_false,httpclean_canonical_core10_r01_20260730T054450Z,runs/httpclean_canonical_core10_r01_20260730T054450Z/results/qwen2.5-coder_14b/mg_debug_002/repeat_001.json,mg_debug_002/prompt.txt,2c406712699e8748c1cdd042abba8750d066185da2ef8738407052a7359c0693,mg_debug_002/responses/qwen2.5-coder_14b.txt,a6c0076325dca3f88c70617b006a25be3d78a770d8b0a7972c012692665e402a,122,0.425,False,includes_markdown_fence;missing_generate_keyword;missing_or_wrong_process;uses_invalid_beam1_beam2_commands;wrong_or_missing_beam_energy,FOUND_AND_VERIFIED
qwen2.5-coder:14b,qwen2.5-coder:14b,mg_debug_003,1,ollama_http_generate_stream_false,httpclean_canonical_core10_r01_20260730T054450Z,runs/httpclean_canonical_core10_r01_20260730T054450Z/results/qwen2.5-coder_14b/mg_debug_003/repeat_001.json,mg_debug_003/prompt.txt,13576549308b889cb70018c19791ac7ee144c71472f98f91b891f2c1b3c9ef2f,mg_debug_003/responses/qwen2.5-coder_14b.txt,6470993381caf88a9dc25763cd802e115a2e37dfb234f1d590014712c341593b,163,0.45,False,includes_markdown_fence;uses_invalid_beam1_beam2_commands;wrong_or_missing_beam_energy,FOUND_AND_VERIFIED
qwen2.5-coder:14b,qwen2.5-coder:14b,mg_runcard_004,1,ollama_http_generate_stream_false,httpclean_canonical_core10_r01_20260730T054450Z,runs/httpclean_canonical_core10_r01_20260730T054450Z/results/qwen2.5-coder_14b/mg_runcard_004/repeat_001.json,mg_runcard_004/prompt.txt,642ea01b7ffcd954be3050f66c75c70347c3dc35239cd52b41e089eaff8aa8bf,mg_runcard_004/responses/qwen2.5-coder_14b.txt,c92e0550df1d60e8007093d51167dc87f1d662e46f87a59716912485a0138d97,104,0.09,False,includes_markdown_fence;no_parseable_run_card_assignments;wrong_or_missing_ebeam1;wrong_or_missing_ebeam2;wrong_or_missing_etal;wrong_or_missing_iseed;wrong_or_missing_nevents;wrong_or_missing_ptl,FOUND_AND_VERIFIED
qwen2.5-coder:14b,qwen2.5-coder:14b,mg_workflow_005,1,ollama_http_generate_stream_false,httpclean_canonical_core10_r01_20260730T054450Z,runs/httpclean_canonical_core10_r01_20260730T054450Z/results/qwen2.5-coder_14b/mg_workflow_005/repeat_001.json,mg_workflow_005/prompt.txt,9f53758489faf9c016e821d6b5547174c4b59b2793dce4bb16eefcac26a37d74,mg_workflow_005/responses/qwen2.5-coder_14b.txt,5c542007fda950358ac4263036589e4d20dfee601d5fde95d2b1c0d9265cec6f,669,0.02,False,includes_markdown_fence;missing_done;missing_import_model;missing_launch;missing_or_wrong_output;missing_or_wrong_process;uses_boolean_tool_switch_instead_of_tool_name;wrong_or_missing_analysis;wrong_or_missing_detector;wrong_or_missing_ebeam1;wrong_or_missing_ebeam2;wrong_or_missing_iseed;wrong_or_missing_madspin;wrong_or_missing_nevents;wrong_or_missing_proton_definition;wrong_or_missing_shower,FOUND_AND_VERIFIED
qwen2.5-coder:7b,qwen2.5-coder:7b,mg_basic_001,1,ollama_http_generate_stream_false,httpclean_qwen2_5_coder_7b_full31_r01_20260804,runs/httpclean_qwen2_5_coder_7b_full31_r01_20260804/results/qwen2.5-coder_7b/mg_basic_001/repeat_001.json,mg_basic_001/prompt.txt,61241a6f6e2c22439a8f05b285b90000148a40469202ebc9cebf877bc3971735,mg_basic_001/responses/qwen2.5-coder_7b.txt,277b3256e63284b427c0f42467419418e4430b8bc48acaf387fa1c0929fa5d61,130,0.2,False,includes_explanation_not_file_only;includes_markdown_fence;missing_generate_keyword;missing_or_wrong_process;wrong_or_missing_beam_energy,FOUND_AND_VERIFIED
qwen2.5-coder:7b,qwen2.5-coder:7b,mg_basic_002,1,ollama_http_generate_stream_false,httpclean_qwen2_5_coder_7b_full31_r01_20260804,runs/httpclean_qwen2_5_coder_7b_full31_r01_20260804/results/qwen2.5-coder_7b/mg_basic_002/repeat_001.json,mg_basic_002/prompt.txt,add87e8340ee5218da96ee5a55a699c2a58f9ad92529ec8214737092beb904a0,mg_basic_002/responses/qwen2.5-coder_7b.txt,30fdf4309e8c9e599fd1cb64fbe380c4c50ae0f2d53c124f4ec4f774d13a0c24,172,0.45,False,includes_markdown_fence;missing_or_wrong_output;wrong_or_missing_beam_energy;wrong_proton_definition,FOUND_AND_VERIFIED
qwen2.5-coder:7b,qwen2.5-coder:7b,mg_basic_003,1,ollama_http_generate_stream_false,httpclean_qwen2_5_coder_7b_full31_r01_20260804,runs/httpclean_qwen2_5_coder_7b_full31_r01_20260804/results/qwen2.5-coder_7b/mg_basic_003/repeat_001.json,mg_basic_003/prompt.txt,10b6fa4dddf836d899846b6df7403a25244e91acd9aa1854e15647c43e522e88,mg_basic_003/responses/qwen2.5-coder_7b.txt,68360730fa4f9df67ad558f20fd5d29e40beebdc404197e84c409180c2ae74d2,268,0.45,False,includes_explanation_not_file_only;includes_markdown_fence;wrong_or_missing_beam_energy,FOUND_AND_VERIFIED
qwen2.5-coder:7b,qwen2.5-coder:7b,mg_debug_001,1,ollama_http_generate_stream_false,httpclean_qwen2_5_coder_7b_full31_r01_20260804,runs/httpclean_qwen2_5_coder_7b_full31_r01_20260804/results/qwen2.5-coder_7b/mg_debug_001/repeat_001.json,mg_debug_001/prompt.txt,dc723c16ff26d05e5dde29a010390575912ee57391171a696ed192124caf3170,mg_debug_001/responses/qwen2.5-coder_7b.txt,cc8f74db9a6d4e4c5dbfdecc6603abb6a5d7eaeebac10a0b0e2f5a6bc6a3e184,138,0.425,False,includes_markdown_fence;missing_or_wrong_process;uses_invalid_beam1_beam2_commands;wrong_or_missing_beam_energy,FOUND_AND_VERIFIED
qwen2.5-coder:7b,qwen2.5-coder:7b,mg_debug_002,1,ollama_http_generate_stream_false,httpclean_qwen2_5_coder_7b_full31_r01_20260804,runs/httpclean_qwen2_5_coder_7b_full31_r01_20260804/results/qwen2.5-coder_7b/mg_debug_002/repeat_001.json,mg_debug_002/prompt.txt,2c406712699e8748c1cdd042abba8750d066185da2ef8738407052a7359c0693,mg_debug_002/responses/qwen2.5-coder_7b.txt,a6c0076325dca3f88c70617b006a25be3d78a770d8b0a7972c012692665e402a,122,0.425,False,includes_markdown_fence;missing_generate_keyword;missing_or_wrong_process;uses_invalid_beam1_beam2_commands;wrong_or_missing_beam_energy,FOUND_AND_VERIFIED
qwen2.5-coder:7b,qwen2.5-coder:7b,mg_debug_003,1,ollama_http_generate_stream_false,httpclean_qwen2_5_coder_7b_full31_r01_20260804,runs/httpclean_qwen2_5_coder_7b_full31_r01_20260804/results/qwen2.5-coder_7b/mg_debug_003/repeat_001.json,mg_debug_003/prompt.txt,13576549308b889cb70018c19791ac7ee144c71472f98f91b891f2c1b3c9ef2f,mg_debug_003/responses/qwen2.5-coder_7b.txt,6a8c3513d31b53c8d8ffac8a1d1447f02b69284d639e167ad86298dc3c07fb00,167,0.45,False,includes_markdown_fence;missing_or_wrong_process;uses_invalid_beam1_beam2_commands;uses_process_keyword;wrong_or_missing_beam_energy,FOUND_AND_VERIFIED
qwen2.5-coder:7b,qwen2.5-coder:7b,mg_runcard_004,1,ollama_http_generate_stream_false,httpclean_qwen2_5_coder_7b_full31_r01_20260804,runs/httpclean_qwen2_5_coder_7b_full31_r01_20260804/results/qwen2.5-coder_7b/mg_runcard_004/repeat_001.json,mg_runcard_004/prompt.txt,642ea01b7ffcd954be3050f66c75c70347c3dc35239cd52b41e089eaff8aa8bf,mg_runcard_004/responses/qwen2.5-coder_7b.txt,70f97f3e6135431698b42a4a1c6d9e200546d7e8c4df00fecc3b3d2242ccdeda,157,0.09,False,includes_markdown_fence;no_parseable_run_card_assignments;wrong_or_missing_ebeam1;wrong_or_missing_ebeam2;wrong_or_missing_etal;wrong_or_missing_iseed;wrong_or_missing_nevents;wrong_or_missing_ptl,FOUND_AND_VERIFIED
qwen2.5-coder:7b,qwen2.5-coder:7b,mg_workflow_005,1,ollama_http_generate_stream_false,httpclean_qwen2_5_coder_7b_full31_r01_20260804,runs/httpclean_qwen2_5_coder_7b_full31_r01_20260804/results/qwen2.5-coder_7b/mg_workflow_005/repeat_001.json,mg_workflow_005/prompt.txt,9f53758489faf9c016e821d6b5547174c4b59b2793dce4bb16eefcac26a37d74,mg_workflow_005/responses/qwen2.5-coder_7b.txt,b299978cffc824b6695fc362e927c2facf98bc81bc68be392e596b7863a49289,201,0.41,False,includes_markdown_fence;missing_done;missing_import_model;wrong_or_missing_analysis;wrong_or_missing_detector;wrong_or_missing_ebeam1;wrong_or_missing_ebeam2;wrong_or_missing_iseed;wrong_or_missing_madspin;wrong_or_missing_shower,FOUND_AND_VERIFIED
qwen3-coder-next:Q4_K_M,qwen3-coder-next:Q4_K_M,mg_basic_001,1,ollama_http_generate_stream_false,httpclean_canonical_core10_r01_20260730T054450Z,runs/httpclean_canonical_core10_r01_20260730T054450Z/results/qwen3-coder-next_Q4_K_M/mg_basic_001/repeat_001.json,mg_basic_001/prompt.txt,61241a6f6e2c22439a8f05b285b90000148a40469202ebc9cebf877bc3971735,mg_basic_001/responses/qwen3-coder-next_Q4_K_M.txt,12cfedad806e08103a1eca80efd72741584cba87ceefc2fbd4c7e91e61fec339,38,0.125,False,missing_generate_keyword;missing_or_wrong_process;wrong_or_missing_beam_energy,FOUND_AND_VERIFIED
qwen3-coder-next:Q4_K_M,qwen3-coder-next:Q4_K_M,mg_basic_002,1,ollama_http_generate_stream_false,httpclean_canonical_core10_r01_20260730T054450Z,runs/httpclean_canonical_core10_r01_20260730T054450Z/results/qwen3-coder-next_Q4_K_M/mg_basic_002/repeat_001.json,mg_basic_002/prompt.txt,add87e8340ee5218da96ee5a55a699c2a58f9ad92529ec8214737092beb904a0,mg_basic_002/responses/qwen3-coder-next_Q4_K_M.txt,fe4282f76a2b1b00d658d3c5910e6d9feba38257ca5fad9382f78a2a2206ece8,537,0.275,False,missing_or_wrong_output;missing_or_wrong_process;wrong_or_missing_beam_energy,FOUND_AND_VERIFIED
qwen3-coder-next:Q4_K_M,qwen3-coder-next:Q4_K_M,mg_basic_003,1,ollama_http_generate_stream_false,httpclean_canonical_core10_r01_20260730T054450Z,runs/httpclean_canonical_core10_r01_20260730T054450Z/results/qwen3-coder-next_Q4_K_M/mg_basic_003/repeat_001.json,mg_basic_003/prompt.txt,10b6fa4dddf836d899846b6df7403a25244e91acd9aa1854e15647c43e522e88,mg_basic_003/responses/qwen3-coder-next_Q4_K_M.txt,c36487e27e3df6a30e6935bce104dd00fb7cee1aa9c043f329944e26fc80637f,219,0.92,True,,FOUND_AND_VERIFIED
qwen3-coder-next:Q4_K_M,qwen3-coder-next:Q4_K_M,mg_debug_001,1,ollama_http_generate_stream_false,httpclean_canonical_core10_r01_20260730T054450Z,runs/httpclean_canonical_core10_r01_20260730T054450Z/results/qwen3-coder-next_Q4_K_M/mg_debug_001/repeat_001.json,mg_debug_001/prompt.txt,dc723c16ff26d05e5dde29a010390575912ee57391171a696ed192124caf3170,mg_debug_001/responses/qwen3-coder-next_Q4_K_M.txt,1bce016fa8bf9a57e4bba481259e93787265a5dad81def6deaa8471eb617c357,141,0.45,False,missing_generate_keyword;missing_or_wrong_process;uses_invalid_beam1_beam2_commands;wrong_or_missing_beam_energy,FOUND_AND_VERIFIED
qwen3-coder-next:Q4_K_M,qwen3-coder-next:Q4_K_M,mg_debug_002,1,ollama_http_generate_stream_false,httpclean_canonical_core10_r01_20260730T054450Z,runs/httpclean_canonical_core10_r01_20260730T054450Z/results/qwen3-coder-next_Q4_K_M/mg_debug_002/repeat_001.json,mg_debug_002/prompt.txt,2c406712699e8748c1cdd042abba8750d066185da2ef8738407052a7359c0693,mg_debug_002/responses/qwen3-coder-next_Q4_K_M.txt,c53d5fb06cb5f2454b5b98df963121aaf2356f44d3c998e82e6f7d91784f8096,154,0.45,False,missing_or_wrong_process;uses_invalid_beam1_beam2_commands;wrong_or_missing_beam_energy,FOUND_AND_VERIFIED
qwen3-coder-next:Q4_K_M,qwen3-coder-next:Q4_K_M,mg_debug_003,1,ollama_http_generate_stream_false,httpclean_canonical_core10_r01_20260730T054450Z,runs/httpclean_canonical_core10_r01_20260730T054450Z/results/qwen3-coder-next_Q4_K_M/mg_debug_003/repeat_001.json,mg_debug_003/prompt.txt,13576549308b889cb70018c19791ac7ee144c71472f98f91b891f2c1b3c9ef2f,mg_debug_003/responses/qwen3-coder-next_Q4_K_M.txt,eed4bb8ac38d1bc5c6a93ea204dc46201e3999f0a6cfe05e9d144e58f17554da,156,0.6,False,uses_invalid_beam1_beam2_commands;wrong_or_missing_beam_energy,FOUND_AND_VERIFIED
qwen3-coder-next:Q4_K_M,qwen3-coder-next:Q4_K_M,mg_runcard_004,1,ollama_http_generate_stream_false,httpclean_canonical_core10_r01_20260730T054450Z,runs/httpclean_canonical_core10_r01_20260730T054450Z/results/qwen3-coder-next_Q4_K_M/mg_runcard_004/repeat_001.json,mg_runcard_004/prompt.txt,642ea01b7ffcd954be3050f66c75c70347c3dc35239cd52b41e089eaff8aa8bf,mg_runcard_004/responses/qwen3-coder-next_Q4_K_M.txt,6673baedad498395486dbd521aa60f4d8e1483946cfed614819e7427ecc51bba,98,0.6,False,wrong_or_missing_etal;wrong_or_missing_iseed;wrong_or_missing_ptl,FOUND_AND_VERIFIED
qwen3-coder-next:Q4_K_M,qwen3-coder-next:Q4_K_M,mg_workflow_005,1,ollama_http_generate_stream_false,httpclean_canonical_core10_r01_20260730T054450Z,runs/httpclean_canonical_core10_r01_20260730T054450Z/results/qwen3-coder-next_Q4_K_M/mg_workflow_005/repeat_001.json,mg_workflow_005/prompt.txt,9f53758489faf9c016e821d6b5547174c4b59b2793dce4bb16eefcac26a37d74,mg_workflow_005/responses/qwen3-coder-next_Q4_K_M.txt,2014eacfaf2483d6368af8e051abd5a92946764b0abc0ceffaa788b878996882,354,0.21,False,missing_done;missing_launch;missing_or_wrong_process;wrong_or_missing_analysis;wrong_or_missing_detector;wrong_or_missing_ebeam1;wrong_or_missing_ebeam2;wrong_or_missing_iseed;wrong_or_missing_madspin;wrong_or_missing_nevents;wrong_or_missing_shower,FOUND_AND_VERIFIED
qwen3-next:80b,qwen3-next:80b,mg_basic_001,1,ollama_http_generate_stream_false,httpclean_targeted_repair_nonoom_r01_20260803_012_qwen3-next_80b_mg_basic_001_ctx4096,runs/httpclean_targeted_repair_nonoom_r01_20260803_012_qwen3-next_80b_mg_basic_001_ctx4096/results/qwen3-next_80b/mg_basic_001/repeat_001.json,mg_basic_001/prompt.txt,61241a6f6e2c22439a8f05b285b90000148a40469202ebc9cebf877bc3971735,mg_basic_001/responses/qwen3-next_80b.txt,5b4432624dc0443d80ec365d672b33d9d8a15259cab642d8610083b3e66c1c44,125,1,True,,FOUND_AND_VERIFIED
qwen3-next:80b,qwen3-next:80b,mg_basic_002,1,ollama_http_generate_stream_false,httpclean_canonical_remaining20_r01_20260730T141006Z,runs/httpclean_canonical_remaining20_r01_20260730T141006Z/results/qwen3-next_80b/mg_basic_002/repeat_001.json,mg_basic_002/prompt.txt,add87e8340ee5218da96ee5a55a699c2a58f9ad92529ec8214737092beb904a0,mg_basic_002/responses/qwen3-next_80b.txt,f0e3424410fdf80b608f724309aaf8742ab24d74fb5b663f7f6cc9ebac4275a3,36,0.5,False,missing_or_wrong_output;wrong_or_missing_beam_energy,FOUND_AND_VERIFIED
qwen3-next:80b,qwen3-next:80b,mg_basic_003,1,ollama_http_generate_stream_false,httpclean_canonical_remaining20_r01_20260730T141006Z,runs/httpclean_canonical_remaining20_r01_20260730T141006Z/results/qwen3-next_80b/mg_basic_003/repeat_001.json,mg_basic_003/prompt.txt,10b6fa4dddf836d899846b6df7403a25244e91acd9aa1854e15647c43e522e88,mg_basic_003/responses/qwen3-next_80b.txt,49f917b79c9f4f1b204c0661d898b640d99575519a2640a05388a2227d040fd2,143,0.95,True,,FOUND_AND_VERIFIED
qwen3-next:80b,qwen3-next:80b,mg_debug_001,1,ollama_http_generate_stream_false,httpclean_canonical_remaining20_r01_20260730T141006Z,runs/httpclean_canonical_remaining20_r01_20260730T141006Z/results/qwen3-next_80b/mg_debug_001/repeat_001.json,mg_debug_001/prompt.txt,dc723c16ff26d05e5dde29a010390575912ee57391171a696ed192124caf3170,mg_debug_001/responses/qwen3-next_80b.txt,100cbf62a63b5f15b159ff5fcfa465e3770f8e3c8e030e1a939519f21f98597a,89,0.9,True,,FOUND_AND_VERIFIED
qwen3-next:80b,qwen3-next:80b,mg_debug_002,1,ollama_http_generate_stream_false,httpclean_canonical_remaining20_r01_20260730T141006Z,runs/httpclean_canonical_remaining20_r01_20260730T141006Z/results/qwen3-next_80b/mg_debug_002/repeat_001.json,mg_debug_002/prompt.txt,2c406712699e8748c1cdd042abba8750d066185da2ef8738407052a7359c0693,mg_debug_002/responses/qwen3-next_80b.txt,6f2668c4057d814dfb5e89700118ccb818c0243e1cb2a63172b00a3f0a142e05,79,0.575,False,missing_generate_keyword;missing_or_wrong_process,FOUND_AND_VERIFIED
qwen3-next:80b,qwen3-next:80b,mg_debug_003,1,ollama_http_generate_stream_false,httpclean_canonical_remaining20_r01_20260730T141006Z,runs/httpclean_canonical_remaining20_r01_20260730T141006Z/results/qwen3-next_80b/mg_debug_003/repeat_001.json,mg_debug_003/prompt.txt,13576549308b889cb70018c19791ac7ee144c71472f98f91b891f2c1b3c9ef2f,mg_debug_003/responses/qwen3-next_80b.txt,edbfd51c5d21965b3005cf191941fc3043408db8c7b6b15248b4450dbe304a3e,118,0.6,False,wrong_or_missing_beam_energy,FOUND_AND_VERIFIED
qwen3-next:80b,qwen3-next:80b,mg_runcard_004,1,ollama_http_generate_stream_false,httpclean_canonical_remaining20_r01_20260730T141006Z,runs/httpclean_canonical_remaining20_r01_20260730T141006Z/results/qwen3-next_80b/mg_runcard_004/repeat_001.json,mg_runcard_004/prompt.txt,642ea01b7ffcd954be3050f66c75c70347c3dc35239cd52b41e089eaff8aa8bf,mg_runcard_004/responses/qwen3-next_80b.txt,f6265b3e571b3ec6dadd7adb22ca9850e41285f2da37f7d2ecf3792fbcdfe577,80,0.12,False,no_parseable_run_card_assignments;wrong_or_missing_ebeam1;wrong_or_missing_ebeam2;wrong_or_missing_etal;wrong_or_missing_iseed;wrong_or_missing_nevents;wrong_or_missing_ptl,FOUND_AND_VERIFIED
qwen3-next:80b,qwen3-next:80b,mg_workflow_005,1,ollama_http_generate_stream_false,httpclean_canonical_remaining20_r01_20260730T141006Z,runs/httpclean_canonical_remaining20_r01_20260730T141006Z/results/qwen3-next_80b/mg_workflow_005/repeat_001.json,mg_workflow_005/prompt.txt,9f53758489faf9c016e821d6b5547174c4b59b2793dce4bb16eefcac26a37d74,mg_workflow_005/responses/qwen3-next_80b.txt,915fd0820e2ec3166ae575f29a10665df6467b3c2b7dd93728483e7790d0db8f,175,0.31,False,missing_done;missing_import_model;missing_launch;wrong_or_missing_analysis;wrong_or_missing_detector;wrong_or_missing_ebeam1;wrong_or_missing_ebeam2;wrong_or_missing_iseed;wrong_or_missing_madspin;wrong_or_missing_nevents;wrong_or_missing_shower,FOUND_AND_VERIFIED
qwen3.5:27b,qwen3.5:27b,mg_basic_001,1,ollama_http_generate_stream_false,httpclean_qwen35_27b_thinkfalse_full31_r01_20260804,runs/httpclean_qwen35_27b_thinkfalse_full31_r01_20260804/results/qwen3.5_27b/mg_basic_001/repeat_001.json,mg_basic_001/prompt.txt,61241a6f6e2c22439a8f05b285b90000148a40469202ebc9cebf877bc3971735,mg_basic_001/responses/qwen3.5_27b.txt,fadc7fa2d9934dd3a8e94debc2390593989f11818e5e057d729c08de24e922f6,134,0.6,False,wrong_or_missing_beam_energy,FOUND_AND_VERIFIED
qwen3.5:27b,qwen3.5:27b,mg_basic_002,1,ollama_http_generate_stream_false,httpclean_qwen35_27b_thinkfalse_full31_r01_20260804,runs/httpclean_qwen35_27b_thinkfalse_full31_r01_20260804/results/qwen3.5_27b/mg_basic_002/repeat_001.json,mg_basic_002/prompt.txt,add87e8340ee5218da96ee5a55a699c2a58f9ad92529ec8214737092beb904a0,mg_basic_002/responses/qwen3.5_27b.txt,2ae27cdf5260952abe81de94a0e163ff8c499617f2cbde128780e5c4a6e491cb,132,0.35,False,missing_or_wrong_output;missing_or_wrong_process;wrong_or_missing_beam_energy;wrong_proton_definition,FOUND_AND_VERIFIED
qwen3.5:27b,qwen3.5:27b,mg_basic_003,1,ollama_http_generate_stream_false,httpclean_qwen35_27b_thinkfalse_full31_r01_20260804,runs/httpclean_qwen35_27b_thinkfalse_full31_r01_20260804/results/qwen3.5_27b/mg_basic_003/repeat_001.json,mg_basic_003/prompt.txt,10b6fa4dddf836d899846b6df7403a25244e91acd9aa1854e15647c43e522e88,mg_basic_003/responses/qwen3.5_27b.txt,d865de566b1e4212eabc3ea1f0610027ccae68a978da9416c8d63c98c12e0840,134,0.92,True,,FOUND_AND_VERIFIED
qwen3.5:27b,qwen3.5:27b,mg_debug_001,1,ollama_http_generate_stream_false,httpclean_qwen35_27b_thinkfalse_full31_r01_20260804,runs/httpclean_qwen35_27b_thinkfalse_full31_r01_20260804/results/qwen3.5_27b/mg_debug_001/repeat_001.json,mg_debug_001/prompt.txt,dc723c16ff26d05e5dde29a010390575912ee57391171a696ed192124caf3170,mg_debug_001/responses/qwen3.5_27b.txt,4e6e6f77f1aafd982610cf132d0c7e61aabbceffe9d17b00b82f2753c8ad990b,139,0.35,False,missing_or_wrong_process;wrong_or_missing_beam_energy,FOUND_AND_VERIFIED
qwen3.5:27b,qwen3.5:27b,mg_debug_002,1,ollama_http_generate_stream_false,httpclean_qwen35_27b_thinkfalse_full31_r01_20260804,runs/httpclean_qwen35_27b_thinkfalse_full31_r01_20260804/results/qwen3.5_27b/mg_debug_002/repeat_001.json,mg_debug_002/prompt.txt,2c406712699e8748c1cdd042abba8750d066185da2ef8738407052a7359c0693,mg_debug_002/responses/qwen3.5_27b.txt,837a2a38ae6be4490486699b72dc153f2de07976e2c07635ad9624357267ef2e,95,0.575,False,missing_or_wrong_process,FOUND_AND_VERIFIED
qwen3.5:27b,qwen3.5:27b,mg_debug_003,1,ollama_http_generate_stream_false,httpclean_qwen35_27b_thinkfalse_full31_r01_20260804,runs/httpclean_qwen35_27b_thinkfalse_full31_r01_20260804/results/qwen3.5_27b/mg_debug_003/repeat_001.json,mg_debug_003/prompt.txt,13576549308b889cb70018c19791ac7ee144c71472f98f91b891f2c1b3c9ef2f,mg_debug_003/responses/qwen3.5_27b.txt,a8c273ee9da55106f6dbb5244c15f95f2895b31f05c08b49c34b0936261f7453,131,0.79,True,,FOUND_AND_VERIFIED
qwen3.5:27b,qwen3.5:27b,mg_runcard_004,1,ollama_http_generate_stream_false,httpclean_qwen35_27b_thinkfalse_full31_r01_20260804,runs/httpclean_qwen35_27b_thinkfalse_full31_r01_20260804/results/qwen3.5_27b/mg_runcard_004/repeat_001.json,mg_runcard_004/prompt.txt,642ea01b7ffcd954be3050f66c75c70347c3dc35239cd52b41e089eaff8aa8bf,mg_runcard_004/responses/qwen3.5_27b.txt,c560500137ee5cc036659fee9e48dc481a4b4a61367ae5afca0014694f420a87,81,0.12,False,no_parseable_run_card_assignments;wrong_or_missing_ebeam1;wrong_or_missing_ebeam2;wrong_or_missing_etal;wrong_or_missing_iseed;wrong_or_missing_nevents;wrong_or_missing_ptl,FOUND_AND_VERIFIED
qwen3.5:27b,qwen3.5:27b,mg_workflow_005,1,ollama_http_generate_stream_false,httpclean_qwen35_27b_thinkfalse_full31_r01_20260804,runs/httpclean_qwen35_27b_thinkfalse_full31_r01_20260804/results/qwen3.5_27b/mg_workflow_005/repeat_001.json,mg_workflow_005/prompt.txt,9f53758489faf9c016e821d6b5547174c4b59b2793dce4bb16eefcac26a37d74,mg_workflow_005/responses/qwen3.5_27b.txt,1b1f366ca245cda3444fa94d62206f0c34eae3f7a7af074bb11b959cf9368049,236,0.64,False,missing_done;wrong_or_missing_analysis;wrong_or_missing_detector;wrong_or_missing_madspin;wrong_or_missing_shower,FOUND_AND_VERIFIED
qwen3.5:35b,qwen3.5:35b,mg_basic_001,1,ollama_http_generate_stream_false,httpclean_qwen35_35b_thinkfalse_full31_r01_20260804,runs/httpclean_qwen35_35b_thinkfalse_full31_r01_20260804/results/qwen3.5_35b/mg_basic_001/repeat_001.json,mg_basic_001/prompt.txt,61241a6f6e2c22439a8f05b285b90000148a40469202ebc9cebf877bc3971735,mg_basic_001/responses/qwen3.5_35b.txt,b44ec5d73d7a759db8834ea63fa95a0ce54a9f9da00b23153acdba9d7fc41348,12,0.125,False,missing_generate_keyword;missing_or_wrong_process;wrong_or_missing_beam_energy,FOUND_AND_VERIFIED
qwen3.5:35b,qwen3.5:35b,mg_basic_002,1,ollama_http_generate_stream_false,httpclean_qwen35_35b_thinkfalse_full31_r01_20260804,runs/httpclean_qwen35_35b_thinkfalse_full31_r01_20260804/results/qwen3.5_35b/mg_basic_002/repeat_001.json,mg_basic_002/prompt.txt,add87e8340ee5218da96ee5a55a699c2a58f9ad92529ec8214737092beb904a0,mg_basic_002/responses/qwen3.5_35b.txt,f32458ed63247f61283a96fd93dca5d1f2febe8604ee3b8af3a7f1bae56410e3,121,0.6,False,missing_or_wrong_output,FOUND_AND_VERIFIED
qwen3.5:35b,qwen3.5:35b,mg_basic_003,1,ollama_http_generate_stream_false,httpclean_qwen35_35b_thinkfalse_full31_r01_20260804,runs/httpclean_qwen35_35b_thinkfalse_full31_r01_20260804/results/qwen3.5_35b/mg_basic_003/repeat_001.json,mg_basic_003/prompt.txt,10b6fa4dddf836d899846b6df7403a25244e91acd9aa1854e15647c43e522e88,mg_basic_003/responses/qwen3.5_35b.txt,ae6427aa56d8e6bbb8eb2a4b90d89591926d0ae7195b8b88898b19d0387a68c6,144,0.6,False,wrong_or_missing_beam_energy,FOUND_AND_VERIFIED
qwen3.5:35b,qwen3.5:35b,mg_debug_001,1,ollama_http_generate_stream_false,httpclean_qwen35_35b_thinkfalse_full31_r01_20260804,runs/httpclean_qwen35_35b_thinkfalse_full31_r01_20260804/results/qwen3.5_35b/mg_debug_001/repeat_001.json,mg_debug_001/prompt.txt,dc723c16ff26d05e5dde29a010390575912ee57391171a696ed192124caf3170,mg_debug_001/responses/qwen3.5_35b.txt,09336b8ebbf52bcdf57f61dd13523efa8aea3830a3959446fd4f309ee63cede1,107,0.6,False,wrong_or_missing_beam_energy,FOUND_AND_VERIFIED
qwen3.5:35b,qwen3.5:35b,mg_debug_002,1,ollama_http_generate_stream_false,httpclean_qwen35_35b_thinkfalse_full31_r01_20260804,runs/httpclean_qwen35_35b_thinkfalse_full31_r01_20260804/results/qwen3.5_35b/mg_debug_002/repeat_001.json,mg_debug_002/prompt.txt,2c406712699e8748c1cdd042abba8750d066185da2ef8738407052a7359c0693,mg_debug_002/responses/qwen3.5_35b.txt,463a3c1a44185883d95ca93315c37d690dc5009ebc86b9c10b47ecc36b932a35,143,0.3,False,missing_or_wrong_output;missing_or_wrong_process;wrong_or_missing_beam_energy;wrong_proton_definition,FOUND_AND_VERIFIED
qwen3.5:35b,qwen3.5:35b,mg_debug_003,1,ollama_http_generate_stream_false,httpclean_qwen35_35b_thinkfalse_full31_r01_20260804,runs/httpclean_qwen35_35b_thinkfalse_full31_r01_20260804/results/qwen3.5_35b/mg_debug_003/repeat_001.json,mg_debug_003/prompt.txt,13576549308b889cb70018c19791ac7ee144c71472f98f91b891f2c1b3c9ef2f,mg_debug_003/responses/qwen3.5_35b.txt,e00d8d7c0c06047ff6eb9d8e19e584c15516d942d6ad9a38d911ebba4647a04c,116,0.6,False,uses_invalid_beam1_beam2_commands;wrong_or_missing_beam_energy,FOUND_AND_VERIFIED
qwen3.5:35b,qwen3.5:35b,mg_runcard_004,1,ollama_http_generate_stream_false,httpclean_qwen35_35b_thinkfalse_full31_r01_20260804,runs/httpclean_qwen35_35b_thinkfalse_full31_r01_20260804/results/qwen3.5_35b/mg_runcard_004/repeat_001.json,mg_runcard_004/prompt.txt,642ea01b7ffcd954be3050f66c75c70347c3dc35239cd52b41e089eaff8aa8bf,mg_runcard_004/responses/qwen3.5_35b.txt,a66f78a3c1fe7eb932de522d1a569776ef929e06b72ab9db126282848dcc89d4,79,0.12,False,no_parseable_run_card_assignments;wrong_or_missing_ebeam1;wrong_or_missing_ebeam2;wrong_or_missing_etal;wrong_or_missing_iseed;wrong_or_missing_nevents;wrong_or_missing_ptl,FOUND_AND_VERIFIED
qwen3.5:35b,qwen3.5:35b,mg_workflow_005,1,ollama_http_generate_stream_false,httpclean_qwen35_35b_thinkfalse_full31_r01_20260804,runs/httpclean_qwen35_35b_thinkfalse_full31_r01_20260804/results/qwen3.5_35b/mg_workflow_005/repeat_001.json,mg_workflow_005/prompt.txt,9f53758489faf9c016e821d6b5547174c4b59b2793dce4bb16eefcac26a37d74,mg_workflow_005/responses/qwen3.5_35b.txt,66785dae4ed85148113993a1ccdc1cb7c568b443dc1f163ed12c6a26b1f9a25e,2102,0.415,False,includes_explanation_not_file_only;missing_done;missing_import_model;uses_set_madspin_instead_of_launch_switch;wrong_or_missing_analysis;wrong_or_missing_detector;wrong_or_missing_ebeam1;wrong_or_missing_ebeam2;wrong_or_missing_iseed;wrong_or_missing_madspin;wrong_or_missing_shower,FOUND_AND_VERIFIED
qwen3:14b,qwen3:14b,mg_basic_001,1,ollama_http_generate_stream_false,httpclean_canonical_remaining20_r01_20260730T141006Z,runs/httpclean_canonical_remaining20_r01_20260730T141006Z/results/qwen3_14b/mg_basic_001/repeat_001.json,mg_basic_001/prompt.txt,61241a6f6e2c22439a8f05b285b90000148a40469202ebc9cebf877bc3971735,mg_basic_001/responses/qwen3_14b.txt,bc54d1e83aae5a8a8c8eaf8765da7a79f3084cb614c8c999105f749fc6f6be45,134,0.6,False,wrong_or_missing_beam_energy,FOUND_AND_VERIFIED
qwen3:14b,qwen3:14b,mg_basic_002,1,ollama_http_generate_stream_false,httpclean_canonical_remaining20_r01_20260730T141006Z,runs/httpclean_canonical_remaining20_r01_20260730T141006Z/results/qwen3_14b/mg_basic_002/repeat_001.json,mg_basic_002/prompt.txt,add87e8340ee5218da96ee5a55a699c2a58f9ad92529ec8214737092beb904a0,mg_basic_002/responses/qwen3_14b.txt,8cdbe7f6a5b00abf647ba02408828290ace892cd7050180ce60b95d30c6165ef,56,0.5,False,missing_or_wrong_output;wrong_or_missing_beam_energy,FOUND_AND_VERIFIED
qwen3:14b,qwen3:14b,mg_basic_003,1,ollama_http_generate_stream_false,httpclean_canonical_remaining20_r01_20260730T141006Z,runs/httpclean_canonical_remaining20_r01_20260730T141006Z/results/qwen3_14b/mg_basic_003/repeat_001.json,mg_basic_003/prompt.txt,10b6fa4dddf836d899846b6df7403a25244e91acd9aa1854e15647c43e522e88,mg_basic_003/responses/qwen3_14b.txt,f3f20264dcca35b466d6dfbdc020eb882a5ac2efc9d32643361916b57c4e8e0e,149,0.45,False,includes_markdown_fence;uses_invalid_beam1_beam2_commands;wrong_or_missing_beam_energy,FOUND_AND_VERIFIED
qwen3:14b,qwen3:14b,mg_debug_001,1,ollama_http_generate_stream_false,httpclean_canonical_remaining20_r01_20260730T141006Z,runs/httpclean_canonical_remaining20_r01_20260730T141006Z/results/qwen3_14b/mg_debug_001/repeat_001.json,mg_debug_001/prompt.txt,dc723c16ff26d05e5dde29a010390575912ee57391171a696ed192124caf3170,mg_debug_001/responses/qwen3_14b.txt,783eb087578af6440717c285f47dc7ceebc9c5a138dc59d92922579a68e1343d,106,0.6,False,missing_generate_keyword;missing_or_wrong_process,FOUND_AND_VERIFIED
qwen3:14b,qwen3:14b,mg_debug_002,1,ollama_http_generate_stream_false,httpclean_canonical_remaining20_r01_20260730T141006Z,runs/httpclean_canonical_remaining20_r01_20260730T141006Z/results/qwen3_14b/mg_debug_002/repeat_001.json,mg_debug_002/prompt.txt,2c406712699e8748c1cdd042abba8750d066185da2ef8738407052a7359c0693,mg_debug_002/responses/qwen3_14b.txt,57241dc75df0b8f56645f3095df59a782dd18026a350d48b8927277b7e2a362f,110,0.45,False,missing_generate_keyword;missing_or_wrong_process;uses_invalid_beam1_beam2_commands;wrong_or_missing_beam_energy,FOUND_AND_VERIFIED
qwen3:14b,qwen3:14b,mg_debug_003,1,ollama_http_generate_stream_false,httpclean_canonical_remaining20_r01_20260730T141006Z,runs/httpclean_canonical_remaining20_r01_20260730T141006Z/results/qwen3_14b/mg_debug_003/repeat_001.json,mg_debug_003/prompt.txt,13576549308b889cb70018c19791ac7ee144c71472f98f91b891f2c1b3c9ef2f,mg_debug_003/responses/qwen3_14b.txt,13abd7942080e5431906296cd68829aede1ecf03c426cadcc0aaff99363fac43,148,0.6,False,uses_invalid_beam1_beam2_commands;wrong_or_missing_beam_energy,FOUND_AND_VERIFIED
qwen3:14b,qwen3:14b,mg_runcard_004,1,ollama_http_generate_stream_false,httpclean_canonical_remaining20_r01_20260730T141006Z,runs/httpclean_canonical_remaining20_r01_20260730T141006Z/results/qwen3_14b/mg_runcard_004/repeat_001.json,mg_runcard_004/prompt.txt,642ea01b7ffcd954be3050f66c75c70347c3dc35239cd52b41e089eaff8aa8bf,mg_runcard_004/responses/qwen3_14b.txt,92dfb73a3fed611d52bd7de174ed04f0791c2cb73f310bc4d522c3a6915e4e6c,102,0.12,False,no_parseable_run_card_assignments;wrong_or_missing_ebeam1;wrong_or_missing_ebeam2;wrong_or_missing_etal;wrong_or_missing_iseed;wrong_or_missing_nevents;wrong_or_missing_ptl,FOUND_AND_VERIFIED
qwen3:14b,qwen3:14b,mg_workflow_005,1,ollama_http_generate_stream_false,httpclean_canonical_remaining20_r01_20260730T141006Z,runs/httpclean_canonical_remaining20_r01_20260730T141006Z/results/qwen3_14b/mg_workflow_005/repeat_001.json,mg_workflow_005/prompt.txt,9f53758489faf9c016e821d6b5547174c4b59b2793dce4bb16eefcac26a37d74,mg_workflow_005/responses/qwen3_14b.txt,e63a6306645fb505f2c5642ac2c2f7d61cabe12d5e0de25da60a7996216f3a98,222,0.55,False,missing_done;missing_launch;uses_set_madspin_instead_of_launch_switch;uses_set_shower_instead_of_launch_switch;wrong_or_missing_analysis;wrong_or_missing_detector;wrong_or_missing_iseed;wrong_or_missing_madspin;wrong_or_missing_shower,FOUND_AND_VERIFIED
qwen3:8b,qwen3:8b,mg_basic_001,1,ollama_http_generate_stream_false,httpclean_canonical_remaining20_r01_20260730T141006Z,runs/httpclean_canonical_remaining20_r01_20260730T141006Z/results/qwen3_8b/mg_basic_001/repeat_001.json,mg_basic_001/prompt.txt,61241a6f6e2c22439a8f05b285b90000148a40469202ebc9cebf877bc3971735,mg_basic_001/responses/qwen3_8b.txt,d5bc1cb0ccd4d5f942f14daef35a439d3747815ee1aa1fe018b4e3b108d98cf3,115,0.45,False,missing_or_wrong_process;wrong_or_missing_beam_energy,FOUND_AND_VERIFIED
qwen3:8b,qwen3:8b,mg_basic_002,1,ollama_http_generate_stream_false,httpclean_canonical_remaining20_r01_20260730T141006Z,runs/httpclean_canonical_remaining20_r01_20260730T141006Z/results/qwen3_8b/mg_basic_002/repeat_001.json,mg_basic_002/prompt.txt,add87e8340ee5218da96ee5a55a699c2a58f9ad92529ec8214737092beb904a0,mg_basic_002/responses/qwen3_8b.txt,5028cb67c9d867b999a0619e55f5e8cad533cde1446fe64aef96d2653c996af2,50,0.1,False,missing_or_wrong_output;missing_or_wrong_process;uses_process_keyword;wrong_or_missing_beam_energy,FOUND_AND_VERIFIED
qwen3:8b,qwen3:8b,mg_basic_003,1,ollama_http_generate_stream_false,httpclean_canonical_remaining20_r01_20260730T141006Z,runs/httpclean_canonical_remaining20_r01_20260730T141006Z/results/qwen3_8b/mg_basic_003/repeat_001.json,mg_basic_003/prompt.txt,10b6fa4dddf836d899846b6df7403a25244e91acd9aa1854e15647c43e522e88,mg_basic_003/responses/qwen3_8b.txt,541108315e353c6aabcfb6932a0edf0c543187aa535d3830dd6f7c71215ca3ab,115,0.38,False,missing_or_wrong_process;uses_process_keyword;wrong_or_missing_beam_energy,FOUND_AND_VERIFIED
qwen3:8b,qwen3:8b,mg_debug_001,1,ollama_http_generate_stream_false,httpclean_canonical_remaining20_r01_20260730T141006Z,runs/httpclean_canonical_remaining20_r01_20260730T141006Z/results/qwen3_8b/mg_debug_001/repeat_001.json,mg_debug_001/prompt.txt,dc723c16ff26d05e5dde29a010390575912ee57391171a696ed192124caf3170,mg_debug_001/responses/qwen3_8b.txt,e520380145f8aa8fbbf31b91c3fa864fc77776bad027283458aa384f6969dd10,109,0.45,False,missing_generate_keyword;missing_or_wrong_process;uses_invalid_beam1_beam2_commands;wrong_or_missing_beam_energy,FOUND_AND_VERIFIED
qwen3:8b,qwen3:8b,mg_debug_002,1,ollama_http_generate_stream_false,httpclean_canonical_remaining20_r01_20260730T141006Z,runs/httpclean_canonical_remaining20_r01_20260730T141006Z/results/qwen3_8b/mg_debug_002/repeat_001.json,mg_debug_002/prompt.txt,2c406712699e8748c1cdd042abba8750d066185da2ef8738407052a7359c0693,mg_debug_002/responses/qwen3_8b.txt,57241dc75df0b8f56645f3095df59a782dd18026a350d48b8927277b7e2a362f,110,0.45,False,missing_generate_keyword;missing_or_wrong_process;uses_invalid_beam1_beam2_commands;wrong_or_missing_beam_energy,FOUND_AND_VERIFIED
qwen3:8b,qwen3:8b,mg_debug_003,1,ollama_http_generate_stream_false,httpclean_canonical_remaining20_r01_20260730T141006Z,runs/httpclean_canonical_remaining20_r01_20260730T141006Z/results/qwen3_8b/mg_debug_003/repeat_001.json,mg_debug_003/prompt.txt,13576549308b889cb70018c19791ac7ee144c71472f98f91b891f2c1b3c9ef2f,mg_debug_003/responses/qwen3_8b.txt,13abd7942080e5431906296cd68829aede1ecf03c426cadcc0aaff99363fac43,148,0.6,False,uses_invalid_beam1_beam2_commands;wrong_or_missing_beam_energy,FOUND_AND_VERIFIED
qwen3:8b,qwen3:8b,mg_runcard_004,1,ollama_http_generate_stream_false,httpclean_canonical_remaining20_r01_20260730T141006Z,runs/httpclean_canonical_remaining20_r01_20260730T141006Z/results/qwen3_8b/mg_runcard_004/repeat_001.json,mg_runcard_004/prompt.txt,642ea01b7ffcd954be3050f66c75c70347c3dc35239cd52b41e089eaff8aa8bf,mg_runcard_004/responses/qwen3_8b.txt,ee142bbb966d82daba1e238ac9eeb59ebd61723bcc402046b025aac989e88e67,133,0.12,False,no_parseable_run_card_assignments;wrong_or_missing_ebeam1;wrong_or_missing_ebeam2;wrong_or_missing_etal;wrong_or_missing_iseed;wrong_or_missing_nevents;wrong_or_missing_ptl,FOUND_AND_VERIFIED
qwen3:8b,qwen3:8b,mg_workflow_005,1,ollama_http_generate_stream_false,httpclean_canonical_remaining20_r01_20260730T141006Z,runs/httpclean_canonical_remaining20_r01_20260730T141006Z/results/qwen3_8b/mg_workflow_005/repeat_001.json,mg_workflow_005/prompt.txt,9f53758489faf9c016e821d6b5547174c4b59b2793dce4bb16eefcac26a37d74,mg_workflow_005/responses/qwen3_8b.txt,ec56677dbb199e631d129d22ae55b53585848990cfa8fbf80d9f685ca4494fcc,214,0.37,False,missing_done;missing_import_model;missing_launch;uses_set_detector_instead_of_launch_switch;uses_set_madspin_instead_of_launch_switch;wrong_or_missing_analysis;wrong_or_missing_detector;wrong_or_missing_ebeam1;wrong_or_missing_ebeam2;wrong_or_missing_iseed;wrong_or_missing_madspin;wrong_or_missing_shower,FOUND_AND_VERIFIED
